"Label (Grouping)","Alameda County, California!!Estimate","Alameda County, California!!Percent","Alpine County, California!!Estimate","Alpine County, California!!Percent","Amador County, California!!Estimate","Amador County, California!!Percent","Butte County, California!!Estimate","Butte County, California!!Percent","Calaveras County, California!!Estimate","Calaveras County, California!!Percent","Colusa County, California!!Estimate","Colusa County, California!!Percent","Contra Costa County, California!!Estimate","Contra Costa County, California!!Percent","Del Norte County, California!!Estimate","Del Norte County, California!!Percent","El Dorado County, California!!Estimate","El Dorado County, California!!Percent","Fresno County, California!!Estimate","Fresno County, California!!Percent","Glenn County, California!!Estimate","Glenn County, California!!Percent","Humboldt County, California!!Estimate","Humboldt County, California!!Percent","Imperial County, California!!Estimate","Imperial County, California!!Percent","Inyo County, California!!Estimate","Inyo County, California!!Percent","Kern County, California!!Estimate","Kern County, California!!Percent","Kings County, California!!Estimate","Kings County, California!!Percent","Lake County, California!!Estimate","Lake County, California!!Percent","Lassen County, California!!Estimate","Lassen County, California!!Percent","Los Angeles County, California!!Estimate","Los Angeles County, California!!Percent","Madera County, California!!Estimate","Madera County, California!!Percent","Marin County, California!!Estimate","Marin County, California!!Percent","Mariposa County, California!!Estimate","Mariposa County, California!!Percent","Mendocino County, California!!Estimate","Mendocino County, California!!Percent","Merced County, California!!Estimate","Merced County, California!!Percent","Modoc County, California!!Estimate","Modoc County, California!!Percent","Mono County, California!!Estimate","Mono County, California!!Percent","Monterey County, California!!Estimate","Monterey County, California!!Percent","Napa County, California!!Estimate","Napa County, California!!Percent","Nevada County, California!!Estimate","Nevada County, California!!Percent","Orange County, California!!Estimate","Orange County, California!!Percent","Placer County, California!!Estimate","Placer County, California!!Percent","Plumas County, California!!Estimate","Plumas County, California!!Percent","Riverside County, California!!Estimate","Riverside County, California!!Percent","Sacramento County, California!!Estimate","Sacramento County, California!!Percent","San Benito County, California!!Estimate","San Benito County, California!!Percent","San Bernardino County, California!!Estimate","San Bernardino County, California!!Percent","San Diego County, California!!Estimate","San Diego County, California!!Percent","San Francisco County, California!!Estimate","San Francisco County, California!!Percent","San Joaquin County, California!!Estimate","San Joaquin County, California!!Percent","San Luis Obispo County, California!!Estimate","San Luis Obispo County, California!!Percent","San Mateo County, California!!Estimate","San Mateo County, California!!Percent","Santa Barbara County, California!!Estimate","Santa Barbara County, California!!Percent","Santa Clara County, California!!Estimate","Santa Clara County, California!!Percent","Santa Cruz County, California!!Estimate","Santa Cruz County, California!!Percent","Shasta County, California!!Estimate","Shasta County, California!!Percent","Sierra County, California!!Estimate","Sierra County, California!!Percent","Siskiyou County, California!!Estimate","Siskiyou County, California!!Percent","Solano County, California!!Estimate","Solano County, California!!Percent","Sonoma County, California!!Estimate","Sonoma County, California!!Percent","Stanislaus County, California!!Estimate","Stanislaus County, California!!Percent","Sutter County, California!!Estimate","Sutter County, California!!Percent","Tehama County, California!!Estimate","Tehama County, California!!Percent","Trinity County, California!!Estimate","Trinity County, California!!Percent","Tulare County, California!!Estimate","Tulare County, California!!Percent","Tuolumne County, California!!Estimate","Tuolumne County, California!!Percent","Ventura County, California!!Estimate","Ventura County, California!!Percent","Yolo County, California!!Estimate","Yolo County, California!!Percent","Yuba County, California!!Estimate","Yuba County, California!!Percent"
"SEX AND AGE","","","","","","","","","","","","","","","","","","","","","","","","","","","","","","","","","","","","","","","","","","","","","","","","","","","","","","","","","","","","","","","","","","","","","","","","","","","","","","","","","","","","","","","","","","","","","","","","","","","","","","","","","","","","","","","","","","","",""
"    Total population","1,661,584","1,661,584","1,159","1,159","39,023","39,023","223,344","223,344","45,828","45,828","21,491","21,491","1,147,788","1,147,788","27,692","27,692","190,345","190,345","990,204","990,204","28,060","28,060","136,101","136,101","180,580","180,580","17,930","17,930","892,458","892,458","151,090","151,090","64,276","64,276","30,600","30,600","10,040,682","10,040,682","155,925","155,925","259,441","259,441","17,319","17,319","87,110","87,110","273,661","273,661","8,853","8,853","14,395","14,395","432,977","432,977","138,572","138,572","99,417","99,417","3,170,345","3,170,345","391,799","391,799","18,844","18,844","2,437,864","2,437,864","1,537,948","1,537,948","61,547","61,547","2,162,532","2,162,532","3,323,970","3,323,970","874,784","874,784","751,615","751,615","282,517","282,517","765,623","765,623","444,895","444,895","1,924,379","1,924,379","273,170","273,170","179,267","179,267","2,898","2,898","43,516","43,516","444,538","444,538","496,801","496,801","546,235","546,235","96,315","96,315","64,176","64,176","12,541","12,541","463,955","463,955","54,147","54,147","845,599","845,599","218,774","218,774","77,524","77,524"
"        Male","817,141","49.2%","619","53.4%","21,079","54.0%","110,391","49.4%","22,909","50.0%","10,993","51.2%","561,195","48.9%","14,745","53.2%","94,773","49.8%","494,056","49.9%","14,368","51.2%","67,538","49.6%","92,609","51.3%","9,239","51.5%","457,243","51.2%","83,210","55.1%","32,099","49.9%","20,042","65.5%","4,949,565","49.3%","75,307","48.3%","126,529","48.8%","8,930","51.6%","43,107","49.5%","138,228","50.5%","4,504","50.9%","7,707","53.5%","220,419","50.9%","69,050","49.8%","48,943","49.2%","1,564,577","49.4%","191,391","48.8%","9,448","50.1%","1,215,233","49.8%","752,098","48.9%","30,985","50.3%","1,076,601","49.8%","1,674,512","50.4%","446,246","51.0%","374,641","49.8%","142,935","50.6%","379,247","49.5%","222,524","50.0%","974,741","50.7%","135,233","49.5%","88,152","49.2%","1,474","50.9%","21,658","49.8%","221,230","49.8%","242,657","48.8%","270,532","49.5%","48,090","49.9%","31,849","49.6%","6,369","50.8%","231,958","50.0%","28,023","51.8%","418,591","49.5%","106,002","48.5%","39,347","50.8%"
"        Female","844,443","50.8%","540","46.6%","17,944","46.0%","112,953","50.6%","22,919","50.0%","10,498","48.8%","586,593","51.1%","12,947","46.8%","95,572","50.2%","496,148","50.1%","13,692","48.8%","68,563","50.4%","87,971","48.7%","8,691","48.5%","435,215","48.8%","67,880","44.9%","32,177","50.1%","10,558","34.5%","5,091,117","50.7%","80,618","51.7%","132,912","51.2%","8,389","48.4%","44,003","50.5%","135,433","49.5%","4,349","49.1%","6,688","46.5%","212,558","49.1%","69,522","50.2%","50,474","50.8%","1,605,768","50.6%","200,408","51.2%","9,396","49.9%","1,222,631","50.2%","785,850","51.1%","30,562","49.7%","1,085,931","50.2%","1,649,458","49.6%","428,538","49.0%","376,974","50.2%","139,582","49.4%","386,376","50.5%","222,371","50.0%","949,638","49.3%","137,937","50.5%","91,115","50.8%","1,424","49.1%","21,858","50.2%","223,308","50.2%","254,144","51.2%","275,703","50.5%","48,225","50.1%","32,327","50.4%","6,172","49.2%","231,997","50.0%","26,124","48.2%","427,008","50.5%","112,772","51.5%","38,177","49.2%"
"        Sex ratio (males per 100 females)","96.8","(X)","114.6","(X)","117.5","(X)","97.7","(X)","100.0","(X)","104.7","(X)","95.7","(X)","113.9","(X)","99.2","(X)","99.6","(X)","104.9","(X)","98.5","(X)","105.3","(X)","106.3","(X)","105.1","(X)","122.6","(X)","99.8","(X)","189.8","(X)","97.2","(X)","93.4","(X)","95.2","(X)","106.4","(X)","98.0","(X)","102.1","(X)","103.6","(X)","115.2","(X)","103.7","(X)","99.3","(X)","97.0","(X)","97.4","(X)","95.5","(X)","100.6","(X)","99.4","(X)","95.7","(X)","101.4","(X)","99.1","(X)","101.5","(X)","104.1","(X)","99.4","(X)","102.4","(X)","98.2","(X)","100.1","(X)","102.6","(X)","98.0","(X)","96.7","(X)","103.5","(X)","99.1","(X)","99.1","(X)","95.5","(X)","98.1","(X)","99.7","(X)","98.5","(X)","103.2","(X)","100.0","(X)","107.3","(X)","98.0","(X)","94.0","(X)","103.1","(X)"
"        Under 5 years","95,926","5.8%","72","6.2%","1,483","3.8%","12,150","5.4%","1,904","4.2%","1,556","7.2%","64,964","5.7%","1,656","6.0%","8,615","4.5%","76,364","7.7%","2,051","7.3%","7,125","5.2%","14,501","8.0%","726","4.0%","69,067","7.7%","11,461","7.6%","3,714","5.8%","1,378","4.5%","593,061","5.9%","11,384","7.3%","12,014","4.6%","751","4.3%","5,005","5.7%","21,138","7.7%","482","5.4%","700","4.9%","30,732","7.1%","6,842","4.9%","4,152","4.2%","185,788","5.9%","20,679","5.3%","796","4.2%","156,118","6.4%","98,917","6.4%","4,101","6.7%","152,720","7.1%","205,754","6.2%","39,195","4.5%","52,370","7.0%","12,906","4.6%","43,088","5.6%","27,710","6.2%","113,558","5.9%","13,661","5.0%","10,442","5.8%","122","4.2%","2,232","5.1%","26,764","6.0%","24,482","4.9%","39,217","7.2%","6,491","6.7%","3,807","5.9%","594","4.7%","36,942","8.0%","2,378","4.4%","49,179","5.8%","12,061","5.5%","6,036","7.8%"
"        5 to 9 years","94,590","5.7%","67","5.8%","1,592","4.1%","13,155","5.9%","2,419","5.3%","1,633","7.6%","71,395","6.2%","1,596","5.8%","10,051","5.3%","78,430","7.9%","1,614","5.8%","7,745","5.7%","13,628","7.5%","1,324","7.4%","71,516","8.0%","10,646","7.0%","3,980","6.2%","1,406","4.6%","583,789","5.8%","12,159","7.8%","13,355","5.1%","803","4.6%","5,565","6.4%","21,726","7.9%","578","6.5%","733","5.1%","31,110","7.2%","7,305","5.3%","4,445","4.5%","182,256","5.7%","23,924","6.1%","953","5.1%","165,641","6.8%","99,875","6.5%","4,282","7.0%","157,060","7.3%","191,507","5.8%","31,046","3.5%","57,392","7.6%","13,874","4.9%","43,566","5.7%","27,384","6.2%","116,187","6.0%","13,991","5.1%","10,635","5.9%","102","3.5%","2,537","5.8%","27,118","6.1%","27,834","5.6%","39,732","7.3%","7,141","7.4%","3,882","6.0%","641","5.1%","40,825","8.8%","2,557","4.7%","52,376","6.2%","12,590","5.8%","6,384","8.2%"
"        10 to 14 years","96,091","5.8%","69","6.0%","1,769","4.5%","11,951","5.4%","1,861","4.1%","1,681","7.8%","76,944","6.7%","1,805","6.5%","11,968","6.3%","81,637","8.2%","2,548","9.1%","6,814","5.0%","15,207","8.4%","1,033","5.8%","75,827","8.5%","12,534","8.3%","3,624","5.6%","1,396","4.6%","629,146","6.3%","12,328","7.9%","16,784","6.5%","811","4.7%","4,968","5.7%","24,223","8.9%","387","4.4%","947","6.6%","33,321","7.7%","8,996","6.5%","5,262","5.3%","206,033","6.5%","26,560","6.8%","848","4.5%","183,687","7.5%","104,795","6.8%","4,583","7.4%","163,879","7.6%","204,492","6.2%","30,176","3.4%","59,177","7.9%","14,616","5.2%","43,926","5.7%","27,915","6.3%","121,890","6.3%","15,432","5.6%","10,985","6.1%","140","4.8%","2,537","5.8%","28,254","6.4%","27,787","5.6%","44,308","8.1%","7,094","7.4%","4,969","7.7%","564","4.5%","41,351","8.9%","2,488","4.6%","57,915","6.8%","13,259","6.1%","5,851","7.5%"
"        15 to 19 years","93,648","5.6%","53","4.6%","1,916","4.9%","15,571","7.0%","2,258","4.9%","1,623","7.6%","73,373","6.4%","1,572","5.7%","11,027","5.8%","72,094","7.3%","2,044","7.3%","8,910","6.5%","13,697","7.6%","983","5.5%","66,375","7.4%","10,331","6.8%","3,398","5.3%","1,354","4.4%","628,933","6.3%","11,151","7.2%","15,122","5.8%","638","3.7%","4,977","5.7%","23,663","8.6%","410","4.6%","936","6.5%","30,914","7.1%","8,906","6.4%","4,913","4.9%","204,457","6.4%","24,574","6.3%","1,104","5.9%","177,309","7.3%","94,817","6.2%","4,547","7.4%","157,281","7.3%","206,504","6.2%","30,589","3.5%","55,728","7.4%","22,270","7.9%","40,559","5.3%","37,812","8.5%","114,160","5.9%","22,915","8.4%","10,441","5.8%","169","5.8%","2,491","5.7%","26,356","5.9%","29,602","6.0%","39,596","7.2%","6,574","6.8%","3,815","5.9%","635","5.1%","37,509","8.1%","2,448","4.5%","56,425","6.7%","21,676","9.9%","4,919","6.3%"
"        20 to 24 years","98,333","5.9%","23","2.0%","1,466","3.8%","24,382","10.9%","2,019","4.4%","1,277","5.9%","66,552","5.8%","1,297","4.7%","9,591","5.0%","70,752","7.1%","1,738","6.2%","12,387","9.1%","13,077","7.2%","718","4.0%","65,836","7.4%","12,572","8.3%","3,078","4.8%","2,741","9.0%","696,574","6.9%","10,911","7.0%","11,663","4.5%","719","4.2%","4,573","5.2%","20,618","7.5%","289","3.3%","1,075","7.5%","30,356","7.0%","8,517","6.1%","4,126","4.2%","208,955","6.6%","20,102","5.1%","598","3.2%","167,306","6.9%","96,410","6.3%","4,076","6.6%","163,314","7.6%","250,806","7.5%","47,203","5.4%","51,488","6.9%","28,909","10.2%","41,632","5.4%","47,969","10.8%","117,877","6.1%","26,816","9.8%","9,798","5.5%","63","2.2%","1,923","4.4%","28,744","6.5%","27,977","5.6%","37,019","6.8%","5,933","6.2%","3,528","5.5%","391","3.1%","33,127","7.1%","2,859","5.3%","56,610","6.7%","30,551","14.0%","5,392","7.0%"
"        25 to 34 years","277,508","16.7%","110","9.5%","4,299","11.0%","28,893","12.9%","4,085","8.9%","2,869","13.3%","145,962","12.7%","3,868","14.0%","19,255","10.1%","152,119","15.4%","3,588","12.8%","18,611","13.7%","26,921","14.9%","1,926","10.7%","139,092","15.6%","25,488","16.9%","6,847","10.7%","6,027","19.7%","1,629,298","16.2%","21,761","14.0%","22,458","8.7%","1,826","10.5%","9,877","11.3%","40,136","14.7%","1,053","11.9%","1,849","12.8%","62,068","14.3%","17,000","12.3%","9,656","9.7%","458,450","14.5%","42,919","11.0%","1,869","9.9%","340,312","14.0%","242,273","15.8%","8,488","13.8%","330,906","15.3%","547,916","16.5%","205,012","23.4%","105,366","14.0%","32,709","11.6%","114,328","14.9%","59,742","13.4%","312,663","16.2%","33,559","12.3%","23,009","12.8%","232","8.0%","4,446","10.2%","65,244","14.7%","64,016","12.9%","79,393","14.5%","13,602","14.1%","7,795","12.1%","1,029","8.2%","66,018","14.2%","6,699","12.4%","113,382","13.4%","29,757","13.6%","12,329","15.9%"
"        35 to 44 years","251,123","15.1%","175","15.1%","4,653","11.9%","24,713","11.1%","4,428","9.7%","2,658","12.4%","154,749","13.5%","3,751","13.5%","21,702","11.4%","124,896","12.6%","3,302","11.8%","17,444","12.8%","21,659","12.0%","2,185","12.2%","113,896","12.8%","20,832","13.8%","7,270","11.3%","4,475","14.6%","1,373,225","13.7%","19,545","12.5%","30,444","11.7%","1,642","9.5%","10,206","11.7%","33,555","12.3%","922","10.4%","1,915","13.3%","56,422","13.0%","17,458","12.6%","11,276","11.3%","410,423","12.9%","51,323","13.1%","1,819","9.7%","313,693","12.9%","205,267","13.3%","8,164","13.3%","279,701","12.9%","446,592","13.4%","138,196","15.8%","98,160","13.1%","31,028","11.0%","109,794","14.3%","50,530","11.4%","278,111","14.5%","31,791","11.6%","20,137","11.2%","283","9.8%","4,391","10.1%","56,445","12.7%","62,401","12.6%","69,371","12.7%","11,749","12.2%","7,224","11.3%","1,550","12.4%","58,804","12.7%","5,520","10.2%","105,132","12.4%","25,882","11.8%","9,901","12.8%"
"        45 to 54 years","221,219","13.3%","64","5.5%","4,942","12.7%","23,630","10.6%","5,571","12.2%","2,421","11.3%","161,105","14.0%","3,235","11.7%","25,445","13.4%","109,899","11.1%","3,176","11.3%","14,690","10.8%","20,164","11.2%","1,985","11.1%","99,726","11.2%","17,371","11.5%","7,521","11.7%","3,543","11.6%","1,337,409","13.3%","17,608","11.3%","40,504","15.6%","2,199","12.7%","10,130","11.6%","30,429","11.1%","877","9.9%","1,745","12.1%","50,900","11.8%","18,233","13.2%","11,291","11.4%","443,404","14.0%","52,416","13.4%","2,058","10.9%","302,766","12.4%","191,995","12.5%","8,068","13.1%","263,893","12.2%","410,434","12.3%","114,165","13.1%","91,877","12.2%","30,797","10.9%","105,732","13.8%","47,721","10.7%","263,196","13.7%","33,422","12.2%","20,865","11.6%","382","13.2%","4,751","10.9%","55,874","12.6%","63,292","12.7%","64,918","11.9%","11,341","11.8%","7,490","11.7%","1,349","10.8%","50,818","11.0%","6,259","11.6%","111,555","13.2%","23,176","10.6%","8,109","10.5%"
"        55 to 59 years","106,348","6.4%","102","8.8%","2,889","7.4%","13,981","6.3%","4,474","9.8%","1,351","6.3%","81,228","7.1%","2,005","7.2%","16,099","8.5%","54,575","5.5%","1,476","5.3%","8,360","6.1%","8,927","4.9%","1,204","6.7%","49,469","5.5%","7,956","5.3%","4,619","7.2%","2,105","6.9%","634,935","6.3%","8,881","5.7%","20,887","8.1%","1,502","8.7%","6,128","7.0%","14,839","5.4%","606","6.8%","1,151","8.0%","25,448","5.9%","9,596","6.9%","7,760","7.8%","214,347","6.8%","26,967","6.9%","1,643","8.7%","149,849","6.1%","96,524","6.3%","4,026","6.5%","127,709","5.9%","203,978","6.1%","51,195","5.9%","43,663","5.8%","18,639","6.6%","52,082","6.8%","25,513","5.7%","122,505","6.4%","19,084","7.0%","13,130","7.3%","360","12.4%","3,546","8.1%","29,927","6.7%","35,443","7.1%","32,690","6.0%","5,423","5.6%","4,105","6.4%","949","7.6%","24,416","5.3%","4,101","7.6%","59,091","7.0%","11,359","5.2%","4,322","5.6%"
"        60 to 64 years","95,612","5.8%","87","7.5%","3,477","8.9%","14,255","6.4%","3,969","8.7%","1,280","6.0%","69,938","6.1%","1,983","7.2%","16,174","8.5%","48,309","4.9%","1,930","6.9%","9,728","7.1%","9,493","5.3%","1,674","9.3%","43,790","4.9%","6,335","4.2%","5,540","8.6%","1,754","5.7%","564,171","5.6%","8,339","5.3%","18,376","7.1%","1,547","8.9%","6,447","7.4%","12,569","4.6%","822","9.3%","1,146","8.0%","22,645","5.2%","9,109","6.6%","9,286","9.3%","187,390","5.9%","25,717","6.6%","1,939","10.3%","128,808","5.3%","90,556","5.9%","3,400","5.5%","116,037","5.4%","188,250","5.7%","49,850","5.7%","40,445","5.4%","20,069","7.1%","47,099","6.2%","24,579","5.5%","104,244","5.4%","17,586","6.4%","12,902","7.2%","228","7.9%","3,679","8.5%","29,844","6.7%","36,506","7.3%","28,761","5.3%","6,176","6.4%","4,854","7.6%","1,332","10.6%","21,319","4.6%","4,729","8.7%","52,262","6.2%","11,149","5.1%","4,693","6.1%"
"        65 to 74 years","136,398","8.2%","286","24.7%","6,490","16.6%","23,890","10.7%","7,650","16.7%","1,742","8.1%","106,316","9.3%","3,049","11.0%","24,916","13.1%","70,923","7.2%","2,582","9.2%","15,425","11.3%","13,135","7.3%","2,289","12.8%","59,261","6.6%","9,073","6.0%","9,163","14.3%","2,704","8.8%","781,210","7.8%","13,300","8.5%","33,395","12.9%","2,773","16.0%","12,258","14.1%","17,944","6.6%","1,436","16.2%","1,480","10.3%","34,513","8.0%","15,117","10.9%","16,677","16.8%","265,221","8.4%","43,569","11.1%","3,317","17.6%","200,400","8.2%","128,190","8.3%","4,705","7.6%","153,102","7.1%","271,158","8.2%","76,345","8.7%","56,655","7.5%","33,744","11.9%","69,542","9.1%","37,416","8.4%","144,739","7.5%","28,532","10.4%","21,678","12.1%","456","15.7%","6,840","15.7%","42,684","9.6%","59,609","12.0%","41,908","7.7%","8,201","8.5%","7,305","11.4%","2,153","17.2%","31,033","6.7%","8,272","15.3%","76,082","9.0%","16,066","7.3%","6,063","7.8%"
"        75 to 84 years","64,328","3.9%","38","3.3%","2,805","7.2%","12,014","5.4%","3,834","8.4%","803","3.7%","52,184","4.5%","1,332","4.8%","10,872","5.7%","33,406","3.4%","1,438","5.1%","6,062","4.5%","7,332","4.1%","1,367","7.6%","27,691","3.1%","4,756","3.1%","4,153","6.5%","1,286","4.2%","391,166","3.9%","5,960","3.8%","17,123","6.6%","1,613","9.3%","5,067","5.8%","9,204","3.4%","789","8.9%","667","4.6%","16,027","3.7%","8,234","5.9%","7,196","7.2%","136,221","4.3%","23,039","5.9%","1,525","8.1%","109,590","4.5%","59,069","3.8%","2,110","3.4%","68,726","3.2%","131,619","4.0%","38,831","4.4%","26,812","3.6%","16,135","5.7%","35,747","4.7%","20,110","4.5%","77,281","4.0%","11,208","4.1%","10,581","5.9%","311","10.7%","3,075","7.1%","18,884","4.2%","25,269","5.1%","19,986","3.7%","4,481","4.7%","4,092","6.4%","1,134","9.0%","14,220","3.1%","4,026","7.4%","36,518","4.3%","7,651","3.5%","2,375","3.1%"
"        85 years and over","30,460","1.8%","13","1.1%","1,242","3.2%","4,759","2.1%","1,356","3.0%","597","2.8%","23,078","2.0%","543","2.0%","4,630","2.4%","16,800","1.7%","573","2.0%","2,800","2.1%","2,839","1.6%","516","2.9%","10,912","1.2%","1,735","1.1%","1,369","2.1%","431","1.4%","197,765","2.0%","2,598","1.7%","7,316","2.8%","495","2.9%","1,909","2.2%","3,617","1.3%","202","2.3%","51","0.4%","8,521","2.0%","3,259","2.4%","3,377","3.4%","67,400","2.1%","10,010","2.6%","375","2.0%","42,385","1.7%","29,260","1.9%","997","1.6%","28,204","1.3%","64,960","2.0%","22,981","2.6%","12,482","1.7%","6,821","2.4%","18,528","2.4%","10,494","2.4%","37,968","2.0%","5,173","1.9%","4,664","2.6%","50","1.7%","1,068","2.5%","8,400","1.9%","12,583","2.5%","9,336","1.7%","2,109","2.2%","1,310","2.0%","220","1.8%","7,573","1.6%","1,811","3.3%","19,072","2.3%","3,597","1.6%","1,150","1.5%"
"        Median age (years)","37.8","(X)","47.6","(X)","49.9","(X)","36.9","(X)","52.8","(X)","35.4","(X)","39.9","(X)","40.0","(X)","46.3","(X)","32.4","(X)","35.9","(X)","38.9","(X)","32.5","(X)","45.3","(X)","31.9","(X)","32.0","(X)","45.3","(X)","36.8","(X)","36.7","(X)","34.1","(X)","47.1","(X)","51.8","(X)","43.4","(X)","31.2","(X)","47.6","(X)","39.5","(X)","34.7","(X)","41.8","(X)","50.5","(X)","38.3","(X)","42.2","(X)","51.9","(X)","35.8","(X)","36.4","(X)","35.7","(X)","33.6","(X)","36.1","(X)","38.3","(X)","34.4","(X)","39.5","(X)","39.8","(X)","33.8","(X)","37.2","(X)","38.2","(X)","41.7","(X)","54.0","(X)","47.7","(X)","38.3","(X)","42.4","(X)","34.3","(X)","35.8","(X)","40.6","(X)","52.4","(X)","31.2","(X)","48.7","(X)","38.5","(X)","31.1","(X)","33.0","(X)"
"        Under 18 years","341,591","20.6%","252","21.7%","5,962","15.3%","44,865","20.1%","7,618","16.6%","5,863","27.3%","260,191","22.7%","6,003","21.7%","37,911","19.9%","281,391","28.4%","7,491","26.7%","25,945","19.1%","51,772","28.7%","3,722","20.8%","258,159","28.9%","40,923","27.1%","13,528","21.0%","4,937","16.1%","2,178,559","21.7%","42,781","27.4%","51,974","20.0%","2,844","16.4%","18,592","21.3%","80,729","29.5%","1,743","19.7%","2,983","20.7%","113,350","26.2%","28,555","20.6%","17,000","17.1%","697,715","22.0%","87,116","22.2%","3,172","16.8%","613,823","25.2%","363,852","23.7%","15,844","25.7%","570,845","26.4%","718,250","21.6%","117,363","13.4%","203,670","27.1%","49,949","17.7%","156,769","20.5%","99,039","22.3%","421,988","21.9%","52,286","19.1%","38,668","21.6%","444","15.3%","8,800","20.2%","98,625","22.2%","97,601","19.6%","148,177","27.1%","24,979","25.9%","15,329","23.9%","2,161","17.2%","142,777","30.8%","8,986","16.6%","193,847","22.9%","45,977","21.0%","21,355","27.5%"
"        16 years and over","1,356,362","81.6%","925","79.8%","33,789","86.6%","183,633","82.2%","39,273","85.7%","16,339","76.0%","918,776","80.0%","22,209","80.2%","157,586","82.8%","738,854","74.6%","21,449","76.4%","112,898","83.0%","134,589","74.5%","14,628","81.6%","661,383","74.1%","114,212","75.6%","52,240","81.3%","26,072","85.2%","8,112,148","80.8%","118,068","75.7%","213,774","82.4%","14,749","85.2%","70,805","81.3%","201,808","73.7%","7,330","82.8%","11,652","80.9%","331,824","76.6%","113,987","82.3%","84,601","85.1%","2,555,798","80.6%","315,092","80.4%","16,138","85.6%","1,896,972","77.8%","1,214,076","78.9%","47,587","77.3%","1,656,327","76.6%","2,683,211","80.7%","768,889","87.9%","570,998","76.0%","238,207","84.3%","627,075","81.9%","356,699","80.2%","1,549,653","80.5%","227,097","83.1%","144,830","80.8%","2,480","85.6%","35,756","82.2%","356,980","80.3%","410,911","82.7%","414,340","75.9%","74,159","77.0%","50,636","78.9%","10,630","84.8%","337,076","72.7%","46,155","85.2%","674,412","79.8%","177,755","81.3%","58,062","74.9%"
"        18 years and over","1,319,993","79.4%","907","78.3%","33,061","84.7%","178,479","79.9%","38,210","83.4%","15,628","72.7%","887,597","77.3%","21,689","78.3%","152,434","80.1%","708,813","71.6%","20,569","73.3%","110,156","80.9%","128,808","71.3%","14,208","79.2%","634,299","71.1%","110,167","72.9%","50,748","79.0%","25,663","83.9%","7,862,123","78.3%","113,144","72.6%","207,467","80.0%","14,475","83.6%","68,518","78.7%","192,932","70.5%","7,110","80.3%","11,412","79.3%","319,627","73.8%","110,017","79.4%","82,417","82.9%","2,472,630","78.0%","304,683","77.8%","15,672","83.2%","1,824,041","74.8%","1,174,096","76.3%","45,703","74.3%","1,591,687","73.6%","2,605,720","78.4%","757,421","86.6%","547,945","72.9%","232,568","82.3%","608,854","79.5%","345,856","77.7%","1,502,391","78.1%","220,884","80.9%","140,599","78.4%","2,454","84.7%","34,716","79.8%","345,913","77.8%","399,200","80.4%","398,058","72.9%","71,336","74.1%","48,847","76.1%","10,380","82.8%","321,178","69.2%","45,161","83.4%","651,752","77.1%","172,797","79.0%","56,169","72.5%"
"        21 years and over","1,261,171","75.9%","894","77.1%","31,952","81.9%","165,357","74.0%","37,057","80.9%","14,794","68.8%","848,945","74.0%","20,831","75.2%","146,533","77.0%","666,196","67.3%","19,339","68.9%","102,744","75.5%","121,294","67.2%","13,755","76.7%","597,132","66.9%","103,546","68.5%","48,951","76.2%","24,596","80.4%","7,468,014","74.4%","106,694","68.4%","199,914","77.1%","14,205","82.0%","65,698","75.4%","177,944","65.0%","6,978","78.8%","10,758","74.7%","299,979","69.3%","104,613","75.5%","80,000","80.5%","2,350,201","74.1%","292,645","74.7%","15,038","79.8%","1,718,327","70.5%","1,122,389","73.0%","42,863","69.6%","1,497,402","69.2%","2,464,638","74.1%","737,548","84.3%","516,090","68.7%","211,713","74.9%","587,179","76.7%","312,747","70.3%","1,436,965","74.7%","199,741","73.1%","134,921","75.3%","2,365","81.6%","33,138","76.2%","330,792","74.4%","381,604","76.8%","375,598","68.8%","67,726","70.3%","46,936","73.1%","10,075","80.3%","300,803","64.8%","43,650","80.6%","617,370","73.0%","150,895","69.0%","53,489","69.0%"
"        62 years and over","286,139","17.2%","393","33.9%","12,849","32.9%","49,322","22.1%","15,100","32.9%","4,001","18.6%","221,627","19.3%","6,069","21.9%","49,481","26.0%","148,451","15.0%","5,754","20.5%","30,268","22.2%","28,871","16.0%","5,058","28.2%","123,878","13.9%","19,178","12.7%","17,633","27.4%","5,461","17.8%","1,691,316","16.8%","26,635","17.1%","68,282","26.3%","5,668","32.7%","23,219","26.7%","37,755","13.8%","2,964","33.5%","2,784","19.3%","71,998","16.6%","32,180","23.2%","32,383","32.6%","573,545","18.1%","92,020","23.5%","6,474","34.4%","425,536","17.5%","268,018","17.4%","9,851","16.0%","315,012","14.6%","576,354","17.3%","166,641","19.0%","118,337","15.7%","68,838","24.4%","151,519","19.8%","82,145","18.5%","318,337","16.5%","55,585","20.3%","44,745","25.0%","883","30.5%","13,265","30.5%","87,390","19.7%","119,782","24.1%","87,433","16.0%","18,079","18.8%","15,853","24.7%","4,286","34.2%","64,697","13.9%","17,348","32.0%","161,902","19.1%","33,660","15.4%","12,110","15.6%"
"        65 years and over","231,186","13.9%","337","29.1%","10,537","27.0%","40,663","18.2%","12,840","28.0%","3,142","14.6%","181,578","15.8%","4,924","17.8%","40,418","21.2%","121,129","12.2%","4,593","16.4%","24,287","17.8%","23,306","12.9%","4,172","23.3%","97,864","11.0%","15,564","10.3%","14,685","22.8%","4,421","14.4%","1,370,141","13.6%","21,858","14.0%","57,834","22.3%","4,881","28.2%","19,234","22.1%","30,765","11.2%","2,427","27.4%","2,198","15.3%","59,061","13.6%","26,610","19.2%","27,250","27.4%","468,842","14.8%","76,618","19.6%","5,217","27.7%","352,375","14.5%","216,519","14.1%","7,812","12.7%","250,032","11.6%","467,737","14.1%","138,157","15.8%","95,949","12.8%","56,700","20.1%","123,817","16.2%","68,020","15.3%","259,988","13.5%","44,913","16.4%","36,923","20.6%","817","28.2%","10,983","25.2%","69,968","15.7%","97,461","19.6%","71,230","13.0%","14,791","15.4%","12,707","19.8%","3,507","28.0%","52,826","11.4%","14,109","26.1%","131,672","15.6%","27,314","12.5%","9,588","12.4%"
"        18 years and over","1,319,993","1,319,993","907","907","33,061","33,061","178,479","178,479","38,210","38,210","15,628","15,628","887,597","887,597","21,689","21,689","152,434","152,434","708,813","708,813","20,569","20,569","110,156","110,156","128,808","128,808","14,208","14,208","634,299","634,299","110,167","110,167","50,748","50,748","25,663","25,663","7,862,123","7,862,123","113,144","113,144","207,467","207,467","14,475","14,475","68,518","68,518","192,932","192,932","7,110","7,110","11,412","11,412","319,627","319,627","110,017","110,017","82,417","82,417","2,472,630","2,472,630","304,683","304,683","15,672","15,672","1,824,041","1,824,041","1,174,096","1,174,096","45,703","45,703","1,591,687","1,591,687","2,605,720","2,605,720","757,421","757,421","547,945","547,945","232,568","232,568","608,854","608,854","345,856","345,856","1,502,391","1,502,391","220,884","220,884","140,599","140,599","2,454","2,454","34,716","34,716","345,913","345,913","399,200","399,200","398,058","398,058","71,336","71,336","48,847","48,847","10,380","10,380","321,178","321,178","45,161","45,161","651,752","651,752","172,797","172,797","56,169","56,169"
"            Male","642,540","48.7%","474","52.3%","18,022","54.5%","87,376","49.0%","19,021","49.8%","7,981","51.1%","428,530","48.3%","11,732","54.1%","75,340","49.4%","350,442","49.4%","10,370","50.4%","54,393","49.4%","66,290","51.5%","7,092","49.9%","326,017","51.4%","62,347","56.6%","25,143","49.5%","17,545","68.4%","3,834,913","48.8%","53,590","47.4%","100,410","48.4%","7,423","51.3%","33,700","49.2%","96,722","50.1%","3,647","51.3%","6,055","53.1%","162,621","50.9%","54,359","49.4%","40,185","48.8%","1,207,856","48.8%","146,824","48.2%","7,818","49.9%","902,037","49.5%","566,297","48.2%","22,868","50.0%","784,731","49.3%","1,307,080","50.2%","386,351","51.0%","270,138","49.3%","117,557","50.5%","298,640","49.0%","172,202","49.8%","758,018","50.5%","108,577","49.2%","68,305","48.6%","1,221","49.8%","17,130","49.3%","170,756","49.4%","192,818","48.3%","194,996","49.0%","35,052","49.1%","23,966","49.1%","5,264","50.7%","158,887","49.5%","23,504","52.0%","320,008","49.1%","82,702","47.9%","28,303","50.4%"
"            Female","677,453","51.3%","433","47.7%","15,039","45.5%","91,103","51.0%","19,189","50.2%","7,647","48.9%","459,067","51.7%","9,957","45.9%","77,094","50.6%","358,371","50.6%","10,199","49.6%","55,763","50.6%","62,518","48.5%","7,116","50.1%","308,282","48.6%","47,820","43.4%","25,605","50.5%","8,118","31.6%","4,027,210","51.2%","59,554","52.6%","107,057","51.6%","7,052","48.7%","34,818","50.8%","96,210","49.9%","3,463","48.7%","5,357","46.9%","157,006","49.1%","55,658","50.6%","42,232","51.2%","1,264,774","51.2%","157,859","51.8%","7,854","50.1%","922,004","50.5%","607,799","51.8%","22,835","50.0%","806,956","50.7%","1,298,640","49.8%","371,070","49.0%","277,807","50.7%","115,011","49.5%","310,214","51.0%","173,654","50.2%","744,373","49.5%","112,307","50.8%","72,294","51.4%","1,233","50.2%","17,586","50.7%","175,157","50.6%","206,382","51.7%","203,062","51.0%","36,284","50.9%","24,881","50.9%","5,116","49.3%","162,291","50.5%","21,657","48.0%","331,744","50.9%","90,095","52.1%","27,866","49.6%"
"            Sex ratio (males per 100 females)","94.8","(X)","109.5","(X)","119.8","(X)","95.9","(X)","99.1","(X)","104.4","(X)","93.3","(X)","117.8","(X)","97.7","(X)","97.8","(X)","101.7","(X)","97.5","(X)","106.0","(X)","99.7","(X)","105.8","(X)","130.4","(X)","98.2","(X)","216.1","(X)","95.2","(X)","90.0","(X)","93.8","(X)","105.3","(X)","96.8","(X)","100.5","(X)","105.3","(X)","113.0","(X)","103.6","(X)","97.7","(X)","95.2","(X)","95.5","(X)","93.0","(X)","99.5","(X)","97.8","(X)","93.2","(X)","100.1","(X)","97.2","(X)","100.6","(X)","104.1","(X)","97.2","(X)","102.2","(X)","96.3","(X)","99.2","(X)","101.8","(X)","96.7","(X)","94.5","(X)","99.0","(X)","97.4","(X)","97.5","(X)","93.4","(X)","96.0","(X)","96.6","(X)","96.3","(X)","102.9","(X)","97.9","(X)","108.5","(X)","96.5","(X)","91.8","(X)","101.6","(X)"
"        65 years and over","231,186","231,186","337","337","10,537","10,537","40,663","40,663","12,840","12,840","3,142","3,142","181,578","181,578","4,924","4,924","40,418","40,418","121,129","121,129","4,593","4,593","24,287","24,287","23,306","23,306","4,172","4,172","97,864","97,864","15,564","15,564","14,685","14,685","4,421","4,421","1,370,141","1,370,141","21,858","21,858","57,834","57,834","4,881","4,881","19,234","19,234","30,765","30,765","2,427","2,427","2,198","2,198","59,061","59,061","26,610","26,610","27,250","27,250","468,842","468,842","76,618","76,618","5,217","5,217","352,375","352,375","216,519","216,519","7,812","7,812","250,032","250,032","467,737","467,737","138,157","138,157","95,949","95,949","56,700","56,700","123,817","123,817","68,020","68,020","259,988","259,988","44,913","44,913","36,923","36,923","817","817","10,983","10,983","69,968","69,968","97,461","97,461","71,230","71,230","14,791","14,791","12,707","12,707","3,507","3,507","52,826","52,826","14,109","14,109","131,672","131,672","27,314","27,314","9,588","9,588"
"            Male","101,416","43.9%","186","55.2%","5,023","47.7%","18,289","45.0%","6,337","49.4%","1,530","48.7%","79,872","44.0%","2,329","47.3%","19,383","48.0%","54,161","44.7%","2,217","48.3%","11,165","46.0%","10,446","44.8%","2,004","48.0%","44,982","46.0%","7,227","46.4%","7,127","48.5%","2,199","49.7%","594,040","43.4%","10,332","47.3%","25,709","44.5%","2,467","50.5%","8,900","46.3%","14,018","45.6%","1,273","52.5%","1,138","51.8%","26,956","45.6%","12,393","46.6%","12,862","47.2%","207,782","44.3%","34,158","44.6%","2,644","50.7%","161,023","45.7%","93,923","43.4%","3,625","46.4%","112,243","44.9%","208,641","44.6%","62,413","45.2%","42,271","44.1%","26,260","46.3%","54,172","43.8%","30,646","45.1%","115,902","44.6%","20,753","46.2%","16,991","46.0%","383","46.9%","5,286","48.1%","31,065","44.4%","43,185","44.3%","31,465","44.2%","6,640","44.9%","5,880","46.3%","1,816","51.8%","23,886","45.2%","6,778","48.0%","59,093","44.9%","12,074","44.2%","4,466","46.6%"
"            Female","129,770","56.1%","151","44.8%","5,514","52.3%","22,374","55.0%","6,503","50.6%","1,612","51.3%","101,706","56.0%","2,595","52.7%","21,035","52.0%","66,968","55.3%","2,376","51.7%","13,122","54.0%","12,860","55.2%","2,168","52.0%","52,882","54.0%","8,337","53.6%","7,558","51.5%","2,222","50.3%","776,101","56.6%","11,526","52.7%","32,125","55.5%","2,414","49.5%","10,334","53.7%","16,747","54.4%","1,154","47.5%","1,060","48.2%","32,105","54.4%","14,217","53.4%","14,388","52.8%","261,060","55.7%","42,460","55.4%","2,573","49.3%","191,352","54.3%","122,596","56.6%","4,187","53.6%","137,789","55.1%","259,096","55.4%","75,744","54.8%","53,678","55.9%","30,440","53.7%","69,645","56.2%","37,374","54.9%","144,086","55.4%","24,160","53.8%","19,932","54.0%","434","53.1%","5,697","51.9%","38,903","55.6%","54,276","55.7%","39,765","55.8%","8,151","55.1%","6,827","53.7%","1,691","48.2%","28,940","54.8%","7,331","52.0%","72,579","55.1%","15,240","55.8%","5,122","53.4%"
"            Sex ratio (males per 100 females)","78.2","(X)","123.2","(X)","91.1","(X)","81.7","(X)","97.4","(X)","94.9","(X)","78.5","(X)","89.7","(X)","92.1","(X)","80.9","(X)","93.3","(X)","85.1","(X)","81.2","(X)","92.4","(X)","85.1","(X)","86.7","(X)","94.3","(X)","99.0","(X)","76.5","(X)","89.6","(X)","80.0","(X)","102.2","(X)","86.1","(X)","83.7","(X)","110.3","(X)","107.4","(X)","84.0","(X)","87.2","(X)","89.4","(X)","79.6","(X)","80.4","(X)","102.8","(X)","84.2","(X)","76.6","(X)","86.6","(X)","81.5","(X)","80.5","(X)","82.4","(X)","78.7","(X)","86.3","(X)","77.8","(X)","82.0","(X)","80.4","(X)","85.9","(X)","85.2","(X)","88.2","(X)","92.8","(X)","79.9","(X)","79.6","(X)","79.1","(X)","81.5","(X)","86.1","(X)","107.4","(X)","82.5","(X)","92.5","(X)","81.4","(X)","79.2","(X)","87.2","(X)"
"RACE","","","","","","","","","","","","","","","","","","","","","","","","","","","","","","","","","","","","","","","","","","","","","","","","","","","","","","","","","","","","","","","","","","","","","","","","","","","","","","","","","","","","","","","","","","","","","","","","","","","","","","","","","","","","","","","","","","","",""
"    Total population","1,661,584","1,661,584","1,159","1,159","39,023","39,023","223,344","223,344","45,828","45,828","21,491","21,491","1,147,788","1,147,788","27,692","27,692","190,345","190,345","990,204","990,204","28,060","28,060","136,101","136,101","180,580","180,580","17,930","17,930","892,458","892,458","151,090","151,090","64,276","64,276","30,600","30,600","10,040,682","10,040,682","155,925","155,925","259,441","259,441","17,319","17,319","87,110","87,110","273,661","273,661","8,853","8,853","14,395","14,395","432,977","432,977","138,572","138,572","99,417","99,417","3,170,345","3,170,345","391,799","391,799","18,844","18,844","2,437,864","2,437,864","1,537,948","1,537,948","61,547","61,547","2,162,532","2,162,532","3,323,970","3,323,970","874,784","874,784","751,615","751,615","282,517","282,517","765,623","765,623","444,895","444,895","1,924,379","1,924,379","273,170","273,170","179,267","179,267","2,898","2,898","43,516","43,516","444,538","444,538","496,801","496,801","546,235","546,235","96,315","96,315","64,176","64,176","12,541","12,541","463,955","463,955","54,147","54,147","845,599","845,599","218,774","218,774","77,524","77,524"
"        One race","1,531,088","92.1%","1,048","90.4%","36,189","92.7%","207,736","93.0%","42,916","93.6%","19,183","89.3%","1,043,031","90.9%","25,532","92.2%","181,686","95.5%","905,847","91.5%","27,174","96.8%","125,344","92.1%","161,147","89.2%","16,532","92.2%","817,243","91.6%","137,862","91.2%","61,042","95.0%","29,255","95.6%","9,311,150","92.7%","144,072","92.4%","242,008","93.3%","16,554","95.6%","80,545","92.5%","256,730","93.8%","8,652","97.7%","13,754","95.5%","403,330","93.2%","128,830","93.0%","94,933","95.5%","2,953,256","93.2%","366,885","93.6%","17,903","95.0%","2,246,901","92.2%","1,397,180","90.8%","54,232","88.1%","1,960,475","90.7%","3,037,864","91.4%","812,082","92.8%","645,419","85.9%","263,797","93.4%","707,933","92.5%","401,609","90.3%","1,780,522","92.5%","253,986","93.0%","168,896","94.2%","2,882","99.4%","40,082","92.1%","403,199","90.7%","461,849","93.0%","498,643","91.3%","86,797","90.1%","59,724","93.1%","12,209","97.4%","426,795","92.0%","51,358","94.8%","773,705","91.5%","197,448","90.3%","69,963","90.2%"
"        Two or more races","130,496","7.9%","111","9.6%","2,834","7.3%","15,608","7.0%","2,912","6.4%","2,308","10.7%","104,757","9.1%","2,160","7.8%","8,659","4.5%","84,357","8.5%","886","3.2%","10,757","7.9%","19,433","10.8%","1,398","7.8%","75,215","8.4%","13,228","8.8%","3,234","5.0%","1,345","4.4%","729,532","7.3%","11,853","7.6%","17,433","6.7%","765","4.4%","6,565","7.5%","16,931","6.2%","201","2.3%","641","4.5%","29,647","6.8%","9,742","7.0%","4,484","4.5%","217,089","6.8%","24,914","6.4%","941","5.0%","190,963","7.8%","140,768","9.2%","7,315","11.9%","202,057","9.3%","286,106","8.6%","62,702","7.2%","106,196","14.1%","18,720","6.6%","57,690","7.5%","43,286","9.7%","143,857","7.5%","19,184","7.0%","10,371","5.8%","16","0.6%","3,434","7.9%","41,339","9.3%","34,952","7.0%","47,592","8.7%","9,518","9.9%","4,452","6.9%","332","2.6%","37,160","8.0%","2,789","5.2%","71,894","8.5%","21,326","9.7%","7,561","9.8%"
"        One race","1,531,088","92.1%","1,048","90.4%","36,189","92.7%","207,736","93.0%","42,916","93.6%","19,183","89.3%","1,043,031","90.9%","25,532","92.2%","181,686","95.5%","905,847","91.5%","27,174","96.8%","125,344","92.1%","161,147","89.2%","16,532","92.2%","817,243","91.6%","137,862","91.2%","61,042","95.0%","29,255","95.6%","9,311,150","92.7%","144,072","92.4%","242,008","93.3%","16,554","95.6%","80,545","92.5%","256,730","93.8%","8,652","97.7%","13,754","95.5%","403,330","93.2%","128,830","93.0%","94,933","95.5%","2,953,256","93.2%","366,885","93.6%","17,903","95.0%","2,246,901","92.2%","1,397,180","90.8%","54,232","88.1%","1,960,475","90.7%","3,037,864","91.4%","812,082","92.8%","645,419","85.9%","263,797","93.4%","707,933","92.5%","401,609","90.3%","1,780,522","92.5%","253,986","93.0%","168,896","94.2%","2,882","99.4%","40,082","92.1%","403,199","90.7%","461,849","93.0%","498,643","91.3%","86,797","90.1%","59,724","93.1%","12,209","97.4%","426,795","92.0%","51,358","94.8%","773,705","91.5%","197,448","90.3%","69,963","90.2%"
"            White","631,037","38.0%","663","57.2%","33,040","84.7%","178,568","80.0%","40,058","87.4%","17,012","79.2%","608,789","53.0%","20,002","72.2%","164,552","86.4%","597,574","60.3%","22,478","80.1%","107,151","78.7%","102,305","56.7%","13,705","76.4%","603,368","67.6%","95,764","63.4%","48,712","75.8%","24,181","79.0%","4,795,186","47.8%","94,643","60.7%","199,068","76.7%","15,134","87.4%","69,709","80.0%","139,469","51.0%","7,801","88.1%","11,966","83.1%","209,849","48.5%","98,614","71.2%","91,597","92.1%","1,826,960","57.6%","314,938","80.4%","16,679","88.5%","1,358,654","55.7%","839,349","54.6%","45,157","73.4%","1,212,480","56.1%","2,213,608","66.6%","392,476","44.9%","387,165","51.5%","233,297","82.6%","369,924","48.3%","319,547","71.8%","801,381","41.6%","195,781","71.7%","152,586","85.1%","2,722","93.9%","36,195","83.2%","225,258","50.7%","360,200","72.5%","384,703","70.4%","61,307","63.7%","53,987","84.1%","10,694","85.3%","309,798","66.8%","46,905","86.6%","637,686","75.4%","145,299","66.4%","56,990","73.5%"
"            Black or African American","171,922","10.3%","10","0.9%","931","2.4%","3,866","1.7%","450","1.0%","330","1.5%","98,569","8.6%","747","2.7%","1,586","0.8%","46,182","4.7%","218","0.8%","1,558","1.1%","4,716","2.6%","96","0.5%","48,530","5.4%","9,820","6.5%","1,583","2.5%","2,713","8.9%","810,286","8.1%","4,919","3.2%","6,001","2.3%","266","1.5%","424","0.5%","8,190","3.0%","123","1.4%","81","0.6%","11,162","2.6%","2,862","2.1%","410","0.4%","54,061","1.7%","6,310","1.6%","279","1.5%","157,908","6.5%","148,884","9.7%","523","0.8%","176,523","8.2%","164,042","4.9%","44,930","5.1%","53,116","7.1%","4,865","1.7%","18,104","2.4%","8,474","1.9%","47,379","2.5%","3,472","1.3%","1,912","1.1%","3","0.1%","668","1.5%","60,991","13.7%","8,266","1.7%","16,961","3.1%","1,894","2.0%","420","0.7%","65","0.5%","7,606","1.6%","1,007","1.9%","15,422","1.8%","5,694","2.6%","2,632","3.4%"
"            American Indian and Alaska Native","11,037","0.7%","360","31.1%","276","0.7%","2,628","1.2%","518","1.1%","239","1.1%","5,191","0.5%","1,943","7.0%","1,312","0.7%","11,604","1.2%","631","2.2%","6,162","4.5%","2,111","1.2%","1,924","10.7%","8,462","0.9%","2,232","1.5%","2,540","4.0%","794","2.6%","78,132","0.8%","2,503","1.6%","673","0.3%","392","2.3%","3,789","4.3%","2,885","1.1%","313","3.5%","407","2.8%","3,072","0.7%","961","0.7%","496","0.5%","15,552","0.5%","2,204","0.6%","350","1.9%","18,852","0.8%","9,505","0.6%","527","0.9%","18,369","0.8%","24,373","0.7%","3,800","0.4%","4,695","0.6%","2,383","0.8%","3,917","0.5%","4,941","1.1%","9,990","0.5%","1,708","0.6%","4,420","2.5%","69","2.4%","1,686","3.9%","2,531","0.6%","4,441","0.9%","4,738","0.9%","1,061","1.1%","865","1.3%","722","5.8%","5,955","1.3%","948","1.8%","6,990","0.8%","1,420","0.6%","1,030","1.3%"
"                Cherokee tribal grouping","695","0.0%","0","0.0%","45","0.1%","221","0.1%","64","0.1%","31","0.1%","182","0.0%","53","0.2%","107","0.1%","701","0.1%","0","0.0%","264","0.2%","59","0.0%","25","0.1%","509","0.1%","40","0.0%","78","0.1%","81","0.3%","2,922","0.0%","111","0.1%","0","0.0%","24","0.1%","21","0.0%","87","0.0%","0","0.0%","33","0.2%","93","0.0%","202","0.1%","49","0.0%","1,006","0.0%","214","0.1%","7","0.0%","1,212","0.0%","716","0.0%","46","0.1%","763","0.0%","1,240","0.0%","151","0.0%","389","0.1%","208","0.1%","125","0.0%","172","0.0%","294","0.0%","136","0.0%","205","0.1%","0","0.0%","83","0.2%","122","0.0%","261","0.1%","478","0.1%","153","0.2%","65","0.1%","136","1.1%","177","0.0%","77","0.1%","140","0.0%","164","0.1%","72","0.1%"
"                Chippewa tribal grouping","111","0.0%","0","0.0%","11","0.0%","3","0.0%","0","0.0%","0","0.0%","28","0.0%","0","0.0%","64","0.0%","11","0.0%","9","0.0%","0","0.0%","0","0.0%","13","0.1%","25","0.0%","5","0.0%","0","0.0%","0","0.0%","527","0.0%","15","0.0%","0","0.0%","0","0.0%","0","0.0%","40","0.0%","0","0.0%","1","0.0%","0","0.0%","0","0.0%","7","0.0%","186","0.0%","47","0.0%","0","0.0%","255","0.0%","93","0.0%","0","0.0%","82","0.0%","228","0.0%","9","0.0%","13","0.0%","48","0.0%","16","0.0%","19","0.0%","74","0.0%","46","0.0%","74","0.0%","0","0.0%","9","0.0%","50","0.0%","0","0.0%","24","0.0%","63","0.1%","3","0.0%","0","0.0%","11","0.0%","2","0.0%","0","0.0%","0","0.0%","27","0.0%"
"                Navajo tribal grouping","504","0.0%","0","0.0%","12","0.0%","66","0.0%","0","0.0%","0","0.0%","131","0.0%","1","0.0%","79","0.0%","392","0.0%","74","0.3%","81","0.1%","16","0.0%","4","0.0%","297","0.0%","58","0.0%","0","0.0%","38","0.1%","2,524","0.0%","7","0.0%","0","0.0%","0","0.0%","0","0.0%","106","0.0%","0","0.0%","0","0.0%","26","0.0%","23","0.0%","0","0.0%","442","0.0%","6","0.0%","0","0.0%","578","0.0%","223","0.0%","0","0.0%","857","0.0%","980","0.0%","144","0.0%","0","0.0%","8","0.0%","123","0.0%","30","0.0%","344","0.0%","12","0.0%","208","0.1%","0","0.0%","0","0.0%","285","0.1%","63","0.0%","50","0.0%","7","0.0%","0","0.0%","0","0.0%","107","0.0%","26","0.0%","234","0.0%","0","0.0%","4","0.0%"
"                Sioux tribal grouping","177","0.0%","0","0.0%","2","0.0%","73","0.0%","0","0.0%","0","0.0%","103","0.0%","0","0.0%","7","0.0%","21","0.0%","3","0.0%","22","0.0%","16","0.0%","4","0.0%","205","0.0%","22","0.0%","13","0.0%","0","0.0%","724","0.0%","0","0.0%","0","0.0%","6","0.0%","8","0.0%","62","0.0%","11","0.1%","15","0.1%","11","0.0%","45","0.0%","23","0.0%","153","0.0%","8","0.0%","0","0.0%","177","0.0%","88","0.0%","0","0.0%","114","0.0%","267","0.0%","120","0.0%","84","0.0%","24","0.0%","174","0.0%","42","0.0%","105","0.0%","2","0.0%","114","0.1%","0","0.0%","1","0.0%","27","0.0%","54","0.0%","46","0.0%","0","0.0%","0","0.0%","0","0.0%","38","0.0%","3","0.0%","45","0.0%","33","0.0%","0","0.0%"
"            Asian","519,249","31.3%","6","0.5%","375","1.0%","10,743","4.8%","864","1.9%","201","0.9%","200,159","17.4%","880","3.2%","9,111","4.8%","105,302","10.6%","877","3.1%","3,948","2.9%","2,599","1.4%","279","1.6%","43,381","4.9%","5,626","3.7%","940","1.5%","471","1.5%","1,488,626","14.8%","3,362","2.2%","15,060","5.8%","186","1.1%","1,740","2.0%","20,881","7.6%","169","1.9%","633","4.4%","25,186","5.8%","10,485","7.6%","1,108","1.1%","667,534","21.1%","31,938","8.2%","232","1.2%","164,464","6.7%","256,464","16.7%","1,745","2.8%","159,917","7.4%","398,526","12.0%","300,339","34.3%","119,446","15.9%","10,559","3.7%","225,027","29.4%","24,678","5.5%","724,855","37.7%","13,563","5.0%","5,772","3.2%","0","0.0%","547","1.3%","69,169","15.6%","21,239","4.3%","32,003","5.9%","15,997","16.6%","1,090","1.7%","244","1.9%","17,310","3.7%","753","1.4%","61,239","7.2%","31,584","14.4%","5,631","7.3%"
"                Asian Indian","136,689","8.2%","0","0.0%","8","0.0%","911","0.4%","0","0.0%","26","0.1%","36,832","3.2%","36","0.1%","1,726","0.9%","21,863","2.2%","7","0.0%","182","0.1%","288","0.2%","5","0.0%","10,781","1.2%","191","0.1%","33","0.1%","11","0.0%","103,124","1.0%","1,246","0.8%","2,335","0.9%","2","0.0%","109","0.1%","5,708","2.1%","0","0.0%","2","0.0%","2,347","0.5%","1,360","1.0%","26","0.0%","58,339","1.8%","9,186","2.3%","8","0.0%","14,814","0.6%","38,296","2.5%","206","0.3%","12,663","0.6%","43,776","1.3%","22,265","2.5%","23,707","3.2%","1,046","0.4%","24,733","3.2%","2,110","0.5%","182,963","9.5%","1,502","0.5%","1,210","0.7%","0","0.0%","5","0.0%","4,765","1.1%","2,590","0.5%","8,986","1.6%","12,158","12.6%","259","0.4%","0","0.0%","1,234","0.3%","3","0.0%","12,598","1.5%","4,534","2.1%","239","0.3%"
"                Chinese","180,413","10.9%","0","0.0%","83","0.2%","1,057","0.5%","289","0.6%","30","0.1%","52,894","4.6%","31","0.1%","1,496","0.8%","8,275","0.8%","14","0.0%","846","0.6%","821","0.5%","68","0.4%","4,015","0.4%","414","0.3%","203","0.3%","124","0.4%","475,222","4.7%","574","0.4%","5,225","2.0%","58","0.3%","541","0.6%","1,601","0.6%","28","0.3%","5","0.0%","3,046","0.7%","792","0.6%","313","0.3%","115,521","3.6%","5,415","1.4%","170","0.9%","26,287","1.1%","46,402","3.0%","99","0.2%","45,113","2.1%","67,526","2.0%","184,852","21.1%","10,165","1.4%","2,473","0.9%","91,436","11.9%","7,242","1.6%","213,474","11.1%","4,317","1.6%","874","0.5%","0","0.0%","73","0.2%","6,797","1.5%","4,461","0.9%","3,251","0.6%","454","0.5%","182","0.3%","40","0.3%","1,474","0.3%","69","0.1%","11,146","1.3%","12,204","5.6%","367","0.5%"
"                Filipino","88,538","5.3%","0","0.0%","160","0.4%","1,247","0.6%","228","0.5%","66","0.3%","51,840","4.5%","168","0.6%","2,913","1.5%","11,734","1.2%","55","0.2%","436","0.3%","454","0.3%","89","0.5%","18,672","2.1%","3,284","2.2%","313","0.5%","108","0.4%","339,427","3.4%","744","0.5%","2,213","0.9%","36","0.2%","399","0.5%","1,997","0.7%","17","0.2%","34","0.2%","11,584","2.7%","6,230","4.5%","232","0.2%","82,438","2.6%","8,445","2.2%","37","0.2%","63,548","2.6%","47,863","3.1%","779","1.3%","44,591","2.1%","155,522","4.7%","35,588","4.1%","37,238","5.0%","3,326","1.2%","72,118","9.4%","6,936","1.6%","89,135","4.6%","2,625","1.0%","568","0.3%","0","0.0%","45","0.1%","45,110","10.1%","4,047","0.8%","6,634","1.2%","1,018","1.1%","154","0.2%","6","0.0%","7,137","1.5%","443","0.8%","18,939","2.2%","3,666","1.7%","517","0.7%"
"                Japanese","11,540","0.7%","0","0.0%","33","0.1%","381","0.2%","3","0.0%","0","0.0%","7,689","0.7%","27","0.1%","430","0.2%","4,229","0.4%","50","0.2%","298","0.2%","254","0.1%","45","0.3%","800","0.1%","399","0.3%","45","0.1%","37","0.1%","96,810","1.0%","72","0.0%","1,578","0.6%","10","0.1%","144","0.2%","271","0.1%","0","0.0%","9","0.1%","2,069","0.5%","359","0.3%","164","0.2%","34,497","1.1%","1,440","0.4%","10","0.1%","5,764","0.2%","10,072","0.7%","168","0.3%","4,697","0.2%","17,828","0.5%","9,748","1.1%","1,853","0.2%","875","0.3%","9,025","1.2%","1,939","0.4%","25,058","1.3%","1,840","0.7%","271","0.2%","0","0.0%","31","0.1%","2,352","0.5%","1,436","0.3%","890","0.2%","266","0.3%","40","0.1%","0","0.0%","536","0.1%","61","0.1%","3,917","0.5%","1,500","0.7%","194","0.3%"
"                Korean","19,780","1.2%","0","0.0%","41","0.1%","563","0.3%","39","0.1%","9","0.0%","10,588","0.9%","142","0.5%","658","0.3%","1,879","0.2%","0","0.0%","141","0.1%","506","0.3%","0","0.0%","1,828","0.2%","211","0.1%","89","0.1%","28","0.1%","207,483","2.1%","66","0.0%","1,411","0.5%","0","0.0%","220","0.3%","678","0.2%","1","0.0%","4","0.0%","2,429","0.6%","389","0.3%","34","0.0%","98,287","3.1%","1,397","0.4%","7","0.0%","11,257","0.5%","6,658","0.4%","158","0.3%","14,308","0.7%","22,728","0.7%","11,970","1.4%","1,594","0.2%","868","0.3%","7,212","0.9%","1,982","0.4%","30,920","1.6%","883","0.3%","392","0.2%","0","0.0%","5","0.0%","1,577","0.4%","1,665","0.3%","888","0.2%","123","0.1%","2","0.0%","15","0.1%","670","0.1%","120","0.2%","3,758","0.4%","2,290","1.0%","27","0.0%"
"                Vietnamese","33,195","2.0%","0","0.0%","15","0.0%","244","0.1%","71","0.2%","10","0.0%","10,397","0.9%","162","0.6%","788","0.4%","3,538","0.4%","32","0.1%","200","0.1%","156","0.1%","20","0.1%","2,310","0.3%","253","0.2%","43","0.1%","54","0.2%","99,342","1.0%","80","0.1%","943","0.4%","13","0.1%","60","0.1%","696","0.3%","3","0.0%","45","0.3%","1,683","0.4%","404","0.3%","13","0.0%","219,173","6.9%","2,300","0.6%","0","0.0%","18,151","0.7%","30,750","2.0%","165","0.3%","14,369","0.7%","49,751","1.5%","16,139","1.8%","8,111","1.1%","834","0.3%","4,775","0.6%","2,037","0.5%","140,137","7.3%","696","0.3%","430","0.2%","0","0.0%","0","0.0%","2,699","0.6%","2,114","0.4%","2,214","0.4%","283","0.3%","243","0.4%","0","0.0%","804","0.2%","7","0.0%","4,368","0.5%","1,816","0.8%","371","0.5%"
"                Other Asian","49,094","3.0%","6","0.5%","35","0.1%","6,340","2.8%","234","0.5%","60","0.3%","29,919","2.6%","314","1.1%","1,100","0.6%","53,784","5.4%","719","2.6%","1,845","1.4%","120","0.1%","52","0.3%","4,975","0.6%","874","0.6%","214","0.3%","109","0.4%","167,218","1.7%","580","0.4%","1,355","0.5%","67","0.4%","267","0.3%","9,930","3.6%","120","1.4%","534","3.7%","2,028","0.5%","951","0.7%","326","0.3%","59,279","1.9%","3,755","1.0%","0","0.0%","24,643","1.0%","76,423","5.0%","170","0.3%","24,176","1.1%","41,395","1.2%","19,777","2.3%","36,778","4.9%","1,137","0.4%","15,728","2.1%","2,432","0.5%","43,168","2.2%","1,700","0.6%","2,027","1.1%","0","0.0%","388","0.9%","5,869","1.3%","4,926","1.0%","9,140","1.7%","1,695","1.8%","210","0.3%","183","1.5%","5,455","1.2%","50","0.1%","6,513","0.8%","5,574","2.5%","3,916","5.1%"
"            Native Hawaiian and Other Pacific Islander","13,648","0.8%","4","0.3%","30","0.1%","717","0.3%","18","0.0%","32","0.1%","5,676","0.5%","50","0.2%","479","0.3%","1,518","0.2%","12","0.0%","508","0.4%","241","0.1%","37","0.2%","1,380","0.2%","190","0.1%","15","0.0%","256","0.8%","25,068","0.2%","159","0.1%","361","0.1%","62","0.4%","137","0.2%","744","0.3%","7","0.1%","0","0.0%","2,104","0.5%","261","0.2%","150","0.2%","9,497","0.3%","910","0.2%","29","0.2%","7,915","0.3%","17,028","1.1%","63","0.1%","6,788","0.3%","13,727","0.4%","3,179","0.4%","4,597","0.6%","258","0.1%","9,611","1.3%","528","0.1%","6,949","0.4%","484","0.2%","281","0.2%","0","0.0%","160","0.4%","4,212","0.9%","1,614","0.3%","3,266","0.6%","588","0.6%","18","0.0%","35","0.3%","618","0.1%","146","0.3%","1,943","0.2%","1,018","0.5%","310","0.4%"
"                Native Hawaiian","2,189","0.1%","4","0.3%","28","0.1%","266","0.1%","7","0.0%","0","0.0%","733","0.1%","13","0.0%","62","0.0%","328","0.0%","3","0.0%","14","0.0%","14","0.0%","9","0.1%","366","0.0%","39","0.0%","13","0.0%","6","0.0%","4,509","0.0%","7","0.0%","101","0.0%","24","0.1%","55","0.1%","63","0.0%","0","0.0%","0","0.0%","497","0.1%","15","0.0%","31","0.0%","2,263","0.1%","534","0.1%","0","0.0%","1,067","0.0%","1,044","0.1%","21","0.0%","1,549","0.1%","3,459","0.1%","290","0.0%","607","0.1%","52","0.0%","412","0.1%","273","0.1%","884","0.0%","275","0.1%","33","0.0%","0","0.0%","41","0.1%","351","0.1%","231","0.0%","407","0.1%","212","0.2%","9","0.0%","35","0.3%","91","0.0%","71","0.1%","404","0.0%","170","0.1%","76","0.1%"
"                Chamorro","1,725","0.1%","0","0.0%","0","0.0%","63","0.0%","0","0.0%","0","0.0%","529","0.0%","0","0.0%","17","0.0%","311","0.0%","0","0.0%","233","0.2%","82","0.0%","6","0.0%","172","0.0%","12","0.0%","0","0.0%","0","0.0%","3,289","0.0%","6","0.0%","30","0.0%","38","0.2%","31","0.0%","88","0.0%","7","0.1%","0","0.0%","484","0.1%","49","0.0%","113","0.1%","1,280","0.0%","36","0.0%","0","0.0%","2,367","0.1%","1,223","0.1%","11","0.0%","1,052","0.0%","4,099","0.1%","416","0.0%","655","0.1%","41","0.0%","380","0.0%","94","0.0%","1,030","0.1%","48","0.0%","228","0.1%","0","0.0%","0","0.0%","1,755","0.4%","142","0.0%","245","0.0%","161","0.2%","0","0.0%","0","0.0%","183","0.0%","14","0.0%","255","0.0%","76","0.0%","55","0.1%"
"                Samoan","3,184","0.2%","0","0.0%","0","0.0%","67","0.0%","0","0.0%","0","0.0%","1,259","0.1%","37","0.1%","20","0.0%","363","0.0%","9","0.0%","13","0.0%","61","0.0%","15","0.1%","460","0.1%","73","0.0%","0","0.0%","48","0.2%","8,605","0.1%","78","0.1%","41","0.0%","0","0.0%","49","0.1%","10","0.0%","0","0.0%","0","0.0%","306","0.1%","74","0.1%","6","0.0%","3,147","0.1%","104","0.0%","0","0.0%","1,981","0.1%","1,674","0.1%","0","0.0%","2,368","0.1%","3,595","0.1%","1,491","0.2%","1,177","0.2%","111","0.0%","1,744","0.2%","15","0.0%","1,542","0.1%","31","0.0%","6","0.0%","0","0.0%","1","0.0%","918","0.2%","105","0.0%","408","0.1%","101","0.1%","6","0.0%","0","0.0%","99","0.0%","17","0.0%","722","0.1%","66","0.0%","43","0.1%"
"                Other Pacific Islander","6,550","0.4%","0","0.0%","2","0.0%","321","0.1%","11","0.0%","32","0.1%","3,155","0.3%","0","0.0%","380","0.2%","516","0.1%","0","0.0%","248","0.2%","84","0.0%","7","0.0%","382","0.0%","66","0.0%","2","0.0%","202","0.7%","8,665","0.1%","68","0.0%","189","0.1%","0","0.0%","2","0.0%","583","0.2%","0","0.0%","0","0.0%","817","0.2%","123","0.1%","0","0.0%","2,807","0.1%","236","0.1%","29","0.2%","2,500","0.1%","13,087","0.9%","31","0.1%","1,819","0.1%","2,574","0.1%","982","0.1%","2,158","0.3%","54","0.0%","7,075","0.9%","146","0.0%","3,493","0.2%","130","0.0%","14","0.0%","0","0.0%","118","0.3%","1,188","0.3%","1,136","0.2%","2,206","0.4%","114","0.1%","3","0.0%","0","0.0%","245","0.1%","44","0.1%","562","0.1%","706","0.3%","136","0.2%"
"            Some other race","184,195","11.1%","5","0.4%","1,537","3.9%","11,214","5.0%","1,008","2.2%","1,369","6.4%","124,647","10.9%","1,910","6.9%","4,646","2.4%","143,667","14.5%","2,958","10.5%","6,017","4.4%","49,175","27.2%","491","2.7%","112,122","12.6%","24,230","16.0%","7,252","11.3%","840","2.7%","2,113,852","21.1%","38,486","24.7%","20,845","8.0%","514","3.0%","4,746","5.4%","84,561","30.9%","239","2.7%","667","4.6%","151,957","35.1%","15,647","11.3%","1,172","1.2%","379,652","12.0%","10,585","2.7%","334","1.8%","539,108","22.1%","125,950","8.2%","6,217","10.1%","386,398","17.9%","223,588","6.7%","67,358","7.7%","76,400","10.2%","12,435","4.4%","81,350","10.6%","43,441","9.8%","189,968","9.9%","38,978","14.3%","3,925","2.2%","88","3.0%","826","1.9%","41,038","9.2%","66,089","13.3%","56,972","10.4%","5,950","6.2%","3,344","5.2%","449","3.6%","85,508","18.4%","1,599","3.0%","50,425","6.0%","12,433","5.7%","3,370","4.3%"
"        Two or more races","130,496","7.9%","111","9.6%","2,834","7.3%","15,608","7.0%","2,912","6.4%","2,308","10.7%","104,757","9.1%","2,160","7.8%","8,659","4.5%","84,357","8.5%","886","3.2%","10,757","7.9%","19,433","10.8%","1,398","7.8%","75,215","8.4%","13,228","8.8%","3,234","5.0%","1,345","4.4%","729,532","7.3%","11,853","7.6%","17,433","6.7%","765","4.4%","6,565","7.5%","16,931","6.2%","201","2.3%","641","4.5%","29,647","6.8%","9,742","7.0%","4,484","4.5%","217,089","6.8%","24,914","6.4%","941","5.0%","190,963","7.8%","140,768","9.2%","7,315","11.9%","202,057","9.3%","286,106","8.6%","62,702","7.2%","106,196","14.1%","18,720","6.6%","57,690","7.5%","43,286","9.7%","143,857","7.5%","19,184","7.0%","10,371","5.8%","16","0.6%","3,434","7.9%","41,339","9.3%","34,952","7.0%","47,592","8.7%","9,518","9.9%","4,452","6.9%","332","2.6%","37,160","8.0%","2,789","5.2%","71,894","8.5%","21,326","9.7%","7,561","9.8%"
"            White and Black or African American","15,454","0.9%","0","0.0%","63","0.2%","1,724","0.8%","123","0.3%","78","0.4%","12,739","1.1%","327","1.2%","959","0.5%","7,588","0.8%","84","0.3%","1,442","1.1%","831","0.5%","140","0.8%","6,579","0.7%","1,806","1.2%","165","0.3%","40","0.1%","61,890","0.6%","690","0.4%","1,925","0.7%","14","0.1%","790","0.9%","1,941","0.7%","30","0.3%","12","0.1%","2,444","0.6%","674","0.5%","458","0.5%","16,877","0.5%","2,375","0.6%","8","0.0%","19,502","0.8%","27,811","1.8%","324","0.5%","25,082","1.2%","29,531","0.9%","6,608","0.8%","7,890","1.0%","1,354","0.5%","4,082","0.5%","2,598","0.6%","9,984","0.5%","1,846","0.7%","1,312","0.7%","0","0.0%","320","0.7%","5,750","1.3%","3,355","0.7%","2,136","0.4%","1,227","1.3%","446","0.7%","94","0.7%","1,732","0.4%","292","0.5%","5,317","0.6%","1,859","0.8%","1,033","1.3%"
"            White and American Indian and Alaska Native","6,758","0.4%","37","3.2%","1,051","2.7%","5,328","2.4%","1,346","2.9%","260","1.2%","7,336","0.6%","851","3.1%","2,559","1.3%","8,334","0.8%","409","1.5%","4,292","3.2%","1,276","0.7%","602","3.4%","6,949","0.8%","1,029","0.7%","1,186","1.8%","436","1.4%","42,177","0.4%","2,134","1.4%","2,519","1.0%","395","2.3%","2,148","2.5%","1,645","0.6%","75","0.8%","539","3.7%","2,698","0.6%","917","0.7%","1,811","1.8%","15,409","0.5%","4,254","1.1%","425","2.3%","15,727","0.6%","14,099","0.9%","866","1.4%","15,542","0.7%","19,411","0.6%","3,412","0.4%","30,304","4.0%","2,478","0.9%","3,098","0.4%","3,903","0.9%","10,505","0.5%","2,624","1.0%","3,436","1.9%","16","0.6%","1,579","3.6%","3,533","0.8%","6,247","1.3%","4,577","0.8%","1,635","1.7%","1,579","2.5%","179","1.4%","3,685","0.8%","965","1.8%","8,195","1.0%","2,895","1.3%","2,211","2.9%"
"            White and Asian","37,713","2.3%","0","0.0%","496","1.3%","2,546","1.1%","211","0.5%","145","0.7%","27,644","2.4%","132","0.5%","2,334","1.2%","9,459","1.0%","63","0.2%","1,603","1.2%","469","0.3%","154","0.9%","6,335","0.7%","1,550","1.0%","274","0.4%","57","0.2%","124,412","1.2%","467","0.3%","6,580","2.5%","157","0.9%","541","0.6%","1,420","0.5%","8","0.1%","19","0.1%","4,575","1.1%","2,271","1.6%","1,015","1.0%","60,833","1.9%","6,868","1.8%","85","0.5%","25,566","1.0%","28,709","1.9%","998","1.6%","21,644","1.0%","68,329","2.1%","25,897","3.0%","13,504","1.8%","3,927","1.4%","20,048","2.6%","6,105","1.4%","44,319","2.3%","3,821","1.4%","1,366","0.8%","0","0.0%","478","1.1%","10,963","2.5%","6,689","1.3%","4,812","0.9%","1,186","1.2%","92","0.1%","0","0.0%","2,033","0.4%","400","0.7%","12,889","1.5%","5,426","2.5%","1,024","1.3%"
"            Black or African American and American Indian and Alaska Native","2,328","0.1%","0","0.0%","99","0.3%","102","0.0%","0","0.0%","27","0.1%","1,354","0.1%","3","0.0%","0","0.0%","699","0.1%","0","0.0%","280","0.2%","111","0.1%","0","0.0%","559","0.1%","155","0.1%","148","0.2%","7","0.0%","9,291","0.1%","194","0.1%","199","0.1%","10","0.1%","24","0.0%","44","0.0%","0","0.0%","0","0.0%","65","0.0%","129","0.1%","0","0.0%","649","0.0%","103","0.0%","0","0.0%","1,896","0.1%","3,292","0.2%","19","0.0%","3,144","0.1%","2,457","0.1%","406","0.0%","1,418","0.2%","328","0.1%","390","0.1%","153","0.0%","820","0.0%","111","0.0%","87","0.0%","0","0.0%","26","0.1%","1,064","0.2%","139","0.0%","175","0.0%","32","0.0%","0","0.0%","0","0.0%","230","0.0%","19","0.0%","260","0.0%","223","0.1%","29","0.0%"
"Race alone or in combination with one or more other races","","","","","","","","","","","","","","","","","","","","","","","","","","","","","","","","","","","","","","","","","","","","","","","","","","","","","","","","","","","","","","","","","","","","","","","","","","","","","","","","","","","","","","","","","","","","","","","","","","","","","","","","","","","","","","","","","","","",""
"    Total population","1,661,584","1,661,584","1,159","1,159","39,023","39,023","223,344","223,344","45,828","45,828","21,491","21,491","1,147,788","1,147,788","27,692","27,692","190,345","190,345","990,204","990,204","28,060","28,060","136,101","136,101","180,580","180,580","17,930","17,930","892,458","892,458","151,090","151,090","64,276","64,276","30,600","30,600","10,040,682","10,040,682","155,925","155,925","259,441","259,441","17,319","17,319","87,110","87,110","273,661","273,661","8,853","8,853","14,395","14,395","432,977","432,977","138,572","138,572","99,417","99,417","3,170,345","3,170,345","391,799","391,799","18,844","18,844","2,437,864","2,437,864","1,537,948","1,537,948","61,547","61,547","2,162,532","2,162,532","3,323,970","3,323,970","874,784","874,784","751,615","751,615","282,517","282,517","765,623","765,623","444,895","444,895","1,924,379","1,924,379","273,170","273,170","179,267","179,267","2,898","2,898","43,516","43,516","444,538","444,538","496,801","496,801","546,235","546,235","96,315","96,315","64,176","64,176","12,541","12,541","463,955","463,955","54,147","54,147","845,599","845,599","218,774","218,774","77,524","77,524"
"        White","738,232","44.4%","768","66.3%","35,737","91.6%","193,198","86.5%","42,953","93.7%","19,226","89.5%","699,489","60.9%","22,063","79.7%","172,921","90.8%","674,244","68.1%","23,339","83.2%","116,986","86.0%","120,360","66.7%","14,946","83.4%","672,670","75.4%","107,980","71.5%","51,694","80.4%","25,416","83.1%","5,431,218","54.1%","105,474","67.6%","215,584","83.1%","15,851","91.5%","75,893","87.1%","153,694","56.2%","7,983","90.2%","12,605","87.6%","235,915","54.5%","107,323","77.4%","95,980","96.5%","2,023,788","63.8%","338,085","86.3%","17,613","93.5%","1,528,667","62.7%","958,106","62.3%","51,950","84.4%","1,391,095","64.3%","2,473,828","74.4%","446,521","51.0%","482,371","64.2%","250,315","88.6%","419,267","54.8%","360,282","81.0%","928,479","48.2%","213,374","78.1%","162,327","90.6%","2,738","94.5%","39,479","90.7%","259,396","58.4%","392,442","79.0%","428,419","78.4%","69,974","72.7%","58,339","90.9%","11,012","87.8%","344,521","74.3%","49,560","91.5%","705,369","83.4%","165,024","75.4%","63,971","82.5%"
"        Black or African American","204,606","12.3%","10","0.9%","1,228","3.1%","6,243","2.8%","606","1.3%","494","2.3%","124,796","10.9%","1,112","4.0%","2,805","1.5%","58,708","5.9%","307","1.1%","4,008","2.9%","5,999","3.3%","259","1.4%","59,764","6.7%","12,297","8.1%","2,144","3.3%","2,821","9.2%","936,285","9.3%","6,308","4.0%","8,970","3.5%","366","2.1%","1,300","1.5%","11,388","4.2%","153","1.7%","95","0.7%","15,618","3.6%","4,184","3.0%","1,127","1.1%","81,803","2.6%","10,854","2.8%","416","2.2%","194,007","8.0%","196,664","12.8%","993","1.6%","219,252","10.1%","215,223","6.5%","57,920","6.6%","68,813","9.2%","7,577","2.7%","26,261","3.4%","12,867","2.9%","66,223","3.4%","6,818","2.5%","3,811","2.1%","3","0.1%","1,096","2.5%","73,962","16.6%","13,272","2.7%","21,291","3.9%","3,567","3.7%","1,004","1.6%","159","1.3%","10,360","2.2%","1,351","2.5%","24,350","2.9%","8,422","3.8%","4,560","5.9%"
"        American Indian and Alaska Native","28,833","1.7%","408","35.2%","1,660","4.3%","8,645","3.9%","1,868","4.1%","545","2.5%","20,604","1.8%","2,902","10.5%","4,307","2.3%","24,778","2.5%","1,061","3.8%","11,800","8.7%","4,133","2.3%","2,614","14.6%","17,866","2.0%","3,778","2.5%","4,099","6.4%","1,298","4.2%","176,427","1.8%","5,908","3.8%","4,222","1.6%","898","5.2%","6,318","7.3%","5,511","2.0%","407","4.6%","991","6.9%","7,310","1.7%","2,467","1.8%","2,508","2.5%","39,864","1.3%","8,042","2.1%","904","4.8%","48,251","2.0%","35,536","2.3%","1,745","2.8%","47,805","2.2%","58,175","1.8%","10,692","1.2%","47,832","6.4%","5,427","1.9%","10,235","1.3%","10,684","2.4%","27,748","1.4%","5,914","2.2%","8,440","4.7%","85","2.9%","3,488","8.0%","9,541","2.1%","12,862","2.6%","11,957","2.2%","3,327","3.5%","2,702","4.2%","910","7.3%","11,214","2.4%","2,152","4.0%","18,057","2.1%","5,233","2.4%","3,886","5.0%"
"        Asian","578,885","34.8%","14","1.2%","966","2.5%","14,269","6.4%","1,194","2.6%","454","2.1%","242,698","21.1%","1,170","4.2%","12,078","6.3%","120,827","12.2%","954","3.4%","6,369","4.7%","3,735","2.1%","443","2.5%","55,690","6.2%","7,905","5.2%","1,321","2.1%","604","2.0%","1,678,734","16.7%","4,334","2.8%","22,609","8.7%","398","2.3%","2,643","3.0%","24,230","8.9%","205","2.3%","657","4.6%","34,369","7.9%","13,870","10.0%","2,338","2.4%","751,284","23.7%","41,663","10.6%","335","1.8%","208,098","8.5%","305,142","19.8%","3,264","5.3%","197,653","9.1%","496,937","15.0%","335,512","38.4%","145,184","19.3%","15,417","5.5%","254,134","33.2%","33,395","7.5%","786,890","40.9%","18,812","6.9%","7,871","4.4%","0","0.0%","1,218","2.8%","87,839","19.8%","30,546","6.1%","40,340","7.4%","18,120","18.8%","1,357","2.1%","255","2.0%","21,845","4.7%","1,325","2.4%","79,102","9.4%","39,340","18.0%","7,277","9.4%"
"        Native Hawaiian and Other Pacific Islander","25,897","1.6%","4","0.3%","157","0.4%","1,890","0.8%","246","0.5%","147","0.7%","13,791","1.2%","170","0.6%","1,111","0.6%","4,544","0.5%","30","0.1%","1,071","0.8%","950","0.5%","132","0.7%","4,811","0.5%","918","0.6%","85","0.1%","336","1.1%","58,104","0.6%","580","0.4%","1,287","0.5%","111","0.6%","392","0.5%","1,170","0.4%","13","0.1%","3","0.0%","4,901","1.1%","1,069","0.8%","423","0.4%","22,786","0.7%","3,297","0.8%","132","0.7%","18,079","0.7%","28,487","1.9%","422","0.7%","15,904","0.7%","34,446","1.0%","6,880","0.8%","10,339","1.4%","1,289","0.5%","14,845","1.9%","2,383","0.5%","16,748","0.9%","1,436","0.5%","870","0.5%","0","0.0%","305","0.7%","8,817","2.0%","4,105","0.8%","6,874","1.3%","1,251","1.3%","113","0.2%","52","0.4%","1,686","0.4%","215","0.4%","5,271","0.6%","2,634","1.2%","704","0.9%"
"        Some other race","231,659","13.9%","74","6.4%","2,385","6.1%","15,706","7.0%","1,980","4.3%","3,039","14.1%","165,099","14.4%","2,619","9.5%","6,525","3.4%","196,626","19.9%","3,279","11.7%","7,830","5.8%","65,463","36.3%","974","5.4%","162,055","18.2%","31,835","21.1%","8,441","13.1%","1,517","5.0%","2,546,006","25.4%","46,343","29.7%","25,735","9.9%","625","3.6%","7,379","8.5%","95,357","34.8%","316","3.6%","733","5.1%","167,593","38.7%","20,195","14.6%","1,896","1.9%","482,858","15.2%","18,359","4.7%","525","2.8%","650,233","26.7%","171,810","11.2%","10,822","17.6%","507,646","23.5%","356,278","10.7%","85,789","9.8%","117,647","15.7%","21,800","7.7%","104,467","13.6%","71,222","16.0%","253,501","13.2%","47,800","17.5%","7,050","3.9%","88","3.0%","1,591","3.7%","52,083","11.7%","81,389","16.4%","89,195","16.3%","10,305","10.7%","5,429","8.5%","491","3.9%","113,369","24.4%","2,575","4.8%","90,316","10.7%","21,404","9.8%","5,650","7.3%"
"HISPANIC OR LATINO AND RACE","","","","","","","","","","","","","","","","","","","","","","","","","","","","","","","","","","","","","","","","","","","","","","","","","","","","","","","","","","","","","","","","","","","","","","","","","","","","","","","","","","","","","","","","","","","","","","","","","","","","","","","","","","","","","","","","","","","",""
"    Total population","1,661,584","1,661,584","1,159","1,159","39,023","39,023","223,344","223,344","45,828","45,828","21,491","21,491","1,147,788","1,147,788","27,692","27,692","190,345","190,345","990,204","990,204","28,060","28,060","136,101","136,101","180,580","180,580","17,930","17,930","892,458","892,458","151,090","151,090","64,276","64,276","30,600","30,600","10,040,682","10,040,682","155,925","155,925","259,441","259,441","17,319","17,319","87,110","87,110","273,661","273,661","8,853","8,853","14,395","14,395","432,977","432,977","138,572","138,572","99,417","99,417","3,170,345","3,170,345","391,799","391,799","18,844","18,844","2,437,864","2,437,864","1,537,948","1,537,948","61,547","61,547","2,162,532","2,162,532","3,323,970","3,323,970","874,784","874,784","751,615","751,615","282,517","282,517","765,623","765,623","444,895","444,895","1,924,379","1,924,379","273,170","273,170","179,267","179,267","2,898","2,898","43,516","43,516","444,538","444,538","496,801","496,801","546,235","546,235","96,315","96,315","64,176","64,176","12,541","12,541","463,955","463,955","54,147","54,147","845,599","845,599","218,774","218,774","77,524","77,524"
"        Hispanic or Latino (of any race)","369,546","22.2%","183","15.8%","5,591","14.3%","37,585","16.8%","5,710","12.5%","12,840","59.7%","295,791","25.8%","5,552","20.0%","24,773","13.0%","528,293","53.4%","11,828","42.2%","16,228","11.9%","152,880","84.7%","4,115","23.0%","480,700","53.9%","82,954","54.9%","13,667","21.3%","5,893","19.3%","4,851,344","48.3%","90,958","58.3%","41,737","16.1%","2,041","11.8%","22,354","25.7%","164,836","60.2%","1,317","14.9%","3,893","27.0%","255,512","59.0%","47,300","34.1%","9,480","9.5%","1,071,393","33.8%","55,932","14.3%","1,749","9.3%","1,204,521","49.4%","360,204","23.4%","37,015","60.1%","1,163,038","53.8%","1,126,266","33.9%","132,865","15.2%","313,385","41.7%","64,275","22.8%","184,490","24.1%","203,207","45.7%","482,101","25.1%","91,876","33.6%","18,566","10.4%","293","10.1%","5,605","12.9%","119,294","26.8%","134,024","27.0%","256,424","46.9%","30,101","31.3%","16,435","25.6%","933","7.4%","301,919","65.1%","6,810","12.6%","361,648","42.8%","69,341","31.7%","22,318","28.8%"
"            Mexican","268,602","16.2%","112","9.7%","3,953","10.1%","31,967","14.3%","4,251","9.3%","12,302","57.2%","195,933","17.1%","3,799","13.7%","18,982","10.0%","487,946","49.3%","11,025","39.3%","12,537","9.2%","147,026","81.4%","3,492","19.5%","438,317","49.1%","78,051","51.7%","12,110","18.8%","5,494","18.0%","3,649,149","36.3%","86,320","55.4%","18,131","7.0%","1,690","9.8%","20,694","23.8%","157,081","57.4%","1,164","13.1%","3,746","26.0%","236,033","54.5%","40,433","29.2%","7,884","7.9%","909,158","28.7%","39,212","10.0%","1,334","7.1%","1,059,318","43.5%","294,693","19.2%","33,766","54.9%","986,908","45.6%","988,825","29.7%","67,174","7.7%","279,808","37.2%","55,483","19.6%","108,508","14.2%","183,845","41.3%","392,853","20.4%","81,536","29.8%","14,236","7.9%","202","7.0%","4,747","10.9%","91,484","20.6%","112,740","22.7%","235,992","43.2%","27,699","28.8%","15,298","23.8%","657","5.2%","288,097","62.1%","4,074","7.5%","320,972","38.0%","59,367","27.1%","19,048","24.6%"
"            Puerto Rican","12,708","0.8%","0","0.0%","175","0.4%","798","0.4%","101","0.2%","34","0.2%","9,770","0.9%","145","0.5%","891","0.5%","3,794","0.4%","74","0.3%","531","0.4%","712","0.4%","30","0.2%","4,889","0.5%","611","0.4%","86","0.1%","17","0.1%","48,846","0.5%","398","0.3%","758","0.3%","117","0.7%","365","0.4%","550","0.2%","10","0.1%","15","0.1%","2,597","0.6%","855","0.6%","384","0.4%","12,581","0.4%","2,907","0.7%","115","0.6%","18,061","0.7%","11,742","0.8%","794","1.3%","18,987","0.9%","25,121","0.8%","4,990","0.6%","5,670","0.8%","1,251","0.4%","3,795","0.5%","1,916","0.4%","9,471","0.5%","862","0.3%","606","0.3%","0","0.0%","139","0.3%","4,966","1.1%","2,363","0.5%","3,755","0.7%","461","0.5%","59","0.1%","2","0.0%","1,375","0.3%","247","0.5%","3,613","0.4%","992","0.5%","736","0.9%"
"            Cuban","3,601","0.2%","0","0.0%","173","0.4%","206","0.1%","49","0.1%","0","0.0%","2,149","0.2%","20","0.1%","160","0.1%","1,292","0.1%","25","0.1%","460","0.3%","76","0.0%","11","0.1%","976","0.1%","203","0.1%","77","0.1%","9","0.0%","42,578","0.4%","134","0.1%","630","0.2%","9","0.1%","5","0.0%","226","0.1%","0","0.0%","0","0.0%","540","0.1%","161","0.1%","154","0.2%","9,051","0.3%","875","0.2%","4","0.0%","8,861","0.4%","2,449","0.2%","53","0.1%","8,195","0.4%","7,109","0.2%","2,279","0.3%","1,456","0.2%","293","0.1%","1,647","0.2%","667","0.1%","3,075","0.2%","325","0.1%","118","0.1%","0","0.0%","72","0.2%","630","0.1%","943","0.2%","483","0.1%","61","0.1%","14","0.0%","32","0.3%","622","0.1%","60","0.1%","2,173","0.3%","320","0.1%","122","0.2%"
"            Other Hispanic or Latino","84,635","5.1%","71","6.1%","1,290","3.3%","4,614","2.1%","1,309","2.9%","504","2.3%","87,939","7.7%","1,588","5.7%","4,740","2.5%","35,261","3.6%","704","2.5%","2,700","2.0%","5,066","2.8%","582","3.2%","36,518","4.1%","4,089","2.7%","1,394","2.2%","373","1.2%","1,110,771","11.1%","4,106","2.6%","22,218","8.6%","225","1.3%","1,290","1.5%","6,979","2.6%","143","1.6%","132","0.9%","16,342","3.8%","5,851","4.2%","1,058","1.1%","140,603","4.4%","12,938","3.3%","296","1.6%","118,281","4.9%","51,320","3.3%","2,402","3.9%","148,948","6.9%","105,211","3.2%","58,422","6.7%","26,451","3.5%","7,248","2.6%","70,540","9.2%","16,779","3.8%","76,702","4.0%","9,153","3.4%","3,606","2.0%","91","3.1%","647","1.5%","22,214","5.0%","17,978","3.6%","16,194","3.0%","1,880","2.0%","1,064","1.7%","242","1.9%","11,825","2.5%","2,429","4.5%","34,890","4.1%","8,662","4.0%","2,412","3.1%"
"        Not Hispanic or Latino","1,292,038","77.8%","976","84.2%","33,432","85.7%","185,759","83.2%","40,118","87.5%","8,651","40.3%","851,997","74.2%","22,140","80.0%","165,572","87.0%","461,911","46.6%","16,232","57.8%","119,873","88.1%","27,700","15.3%","13,815","77.0%","411,758","46.1%","68,136","45.1%","50,609","78.7%","24,707","80.7%","5,189,338","51.7%","64,967","41.7%","217,704","83.9%","15,278","88.2%","64,756","74.3%","108,825","39.8%","7,536","85.1%","10,502","73.0%","177,465","41.0%","91,272","65.9%","89,937","90.5%","2,098,952","66.2%","335,867","85.7%","17,095","90.7%","1,233,343","50.6%","1,177,744","76.6%","24,532","39.9%","999,494","46.2%","2,197,704","66.1%","741,919","84.8%","438,230","58.3%","218,242","77.2%","581,133","75.9%","241,688","54.3%","1,442,278","74.9%","181,294","66.4%","160,701","89.6%","2,605","89.9%","37,911","87.1%","325,244","73.2%","362,777","73.0%","289,811","53.1%","66,214","68.7%","47,741","74.4%","11,608","92.6%","162,036","34.9%","47,337","87.4%","483,951","57.2%","149,433","68.3%","55,206","71.2%"
"            White alone","508,583","30.6%","595","51.3%","29,961","76.8%","158,924","71.2%","36,780","80.3%","7,482","34.8%","489,135","42.6%","16,928","61.1%","146,919","77.2%","284,169","28.7%","14,298","51.0%","99,861","73.4%","18,393","10.2%","10,950","61.1%","296,505","33.2%","47,717","31.6%","44,490","69.2%","19,873","64.9%","2,603,280","25.9%","52,109","33.4%","183,259","70.6%","13,666","78.9%","55,847","64.1%","73,587","26.9%","6,830","77.1%","9,338","64.9%","127,632","29.5%","71,817","51.8%","84,317","84.8%","1,262,640","39.8%","280,266","71.5%","15,501","82.3%","837,847","34.4%","671,965","43.7%","20,567","33.4%","596,262","27.6%","1,492,165","44.9%","348,449","39.8%","230,857","30.7%","192,959","68.3%","295,172","38.6%","195,329","43.9%","589,644","30.6%","155,409","56.9%","141,585","79.0%","2,561","88.4%","32,878","75.6%","165,326","37.2%","310,607","62.5%","222,962","40.8%","43,635","45.3%","43,273","67.4%","10,073","80.3%","128,751","27.8%","43,139","79.7%","379,971","44.9%","100,258","45.8%","41,849","54.0%"
"            Black or African American alone","167,316","10.1%","10","0.9%","867","2.2%","3,778","1.7%","450","1.0%","263","1.2%","94,463","8.2%","723","2.6%","1,439","0.8%","43,660","4.4%","181","0.6%","1,314","1.0%","4,317","2.4%","85","0.5%","45,312","5.1%","8,878","5.9%","1,509","2.3%","2,605","8.5%","779,166","7.8%","4,768","3.1%","5,565","2.1%","266","1.5%","424","0.5%","7,626","2.8%","123","1.4%","32","0.2%","10,471","2.4%","2,738","2.0%","347","0.3%","49,452","1.6%","6,080","1.6%","254","1.3%","148,003","6.1%","142,796","9.3%","475","0.8%","166,814","7.7%","153,310","4.6%","42,803","4.9%","50,920","6.8%","4,476","1.6%","16,772","2.2%","7,910","1.8%","44,917","2.3%","2,610","1.0%","1,871","1.0%","3","0.1%","641","1.5%","59,249","13.3%","7,380","1.5%","15,869","2.9%","1,734","1.8%","378","0.6%","65","0.5%","5,923","1.3%","979","1.8%","14,321","1.7%","5,137","2.3%","2,533","3.3%"
"            American Indian and Alaska Native alone","4,942","0.3%","333","28.7%","205","0.5%","1,725","0.8%","271","0.6%","149","0.7%","2,198","0.2%","1,867","6.7%","864","0.5%","4,459","0.5%","359","1.3%","5,544","4.1%","1,030","0.6%","1,683","9.4%","4,149","0.5%","1,195","0.8%","2,006","3.1%","785","2.6%","19,915","0.2%","1,446","0.9%","246","0.1%","373","2.2%","2,896","3.3%","1,014","0.4%","312","3.5%","178","1.2%","657","0.2%","467","0.3%","342","0.3%","5,306","0.2%","1,264","0.3%","204","1.1%","9,079","0.4%","4,823","0.3%","199","0.3%","7,125","0.3%","11,828","0.4%","1,796","0.2%","1,447","0.2%","1,166","0.4%","1,021","0.1%","1,596","0.4%","3,063","0.2%","305","0.1%","3,613","2.0%","25","0.9%","1,488","3.4%","1,497","0.3%","2,214","0.4%","2,241","0.4%","867","0.9%","688","1.1%","691","5.5%","2,592","0.6%","765","1.4%","1,847","0.2%","768","0.4%","596","0.8%"
"            Asian alone","515,105","31.0%","6","0.5%","352","0.9%","10,350","4.6%","864","1.9%","160","0.7%","196,904","17.2%","851","3.1%","9,023","4.7%","102,986","10.4%","877","3.1%","3,829","2.8%","2,375","1.3%","254","1.4%","41,599","4.7%","5,421","3.6%","918","1.4%","470","1.5%","1,467,279","14.6%","3,166","2.0%","14,794","5.7%","186","1.1%","1,696","1.9%","20,335","7.4%","169","1.9%","629","4.4%","24,133","5.6%","10,383","7.5%","1,080","1.1%","661,083","20.9%","31,402","8.0%","217","1.2%","159,004","6.5%","252,232","16.4%","1,572","2.6%","155,280","7.2%","388,801","11.7%","297,279","34.0%","116,618","15.5%","9,996","3.5%","222,208","29.0%","23,789","5.3%","720,355","37.4%","12,944","4.7%","5,720","3.2%","0","0.0%","537","1.2%","67,107","15.1%","20,733","4.2%","31,044","5.7%","15,815","16.4%","1,090","1.7%","244","1.9%","15,857","3.4%","730","1.3%","59,761","7.1%","31,237","14.3%","5,134","6.6%"
"            Native Hawaiian and Other Pacific Islander alone","12,924","0.8%","0","0.0%","30","0.1%","487","0.2%","18","0.0%","32","0.1%","5,269","0.5%","50","0.2%","439","0.2%","1,305","0.1%","12","0.0%","451","0.3%","112","0.1%","37","0.2%","1,011","0.1%","154","0.1%","15","0.0%","256","0.8%","21,996","0.2%","127","0.1%","361","0.1%","62","0.4%","137","0.2%","700","0.3%","7","0.1%","0","0.0%","1,839","0.4%","253","0.2%","150","0.2%","8,394","0.3%","474","0.1%","29","0.2%","6,687","0.3%","16,535","1.1%","38","0.1%","6,058","0.3%","12,508","0.4%","3,022","0.3%","4,228","0.6%","258","0.1%","9,398","1.2%","349","0.1%","6,310","0.3%","295","0.1%","233","0.1%","0","0.0%","138","0.3%","3,884","0.9%","1,481","0.3%","3,012","0.6%","362","0.4%","9","0.0%","35","0.3%","528","0.1%","146","0.3%","1,655","0.2%","928","0.4%","296","0.4%"
"            Some other race alone","6,764","0.4%","0","0.0%","249","0.6%","335","0.1%","44","0.1%","53","0.2%","4,153","0.4%","341","1.2%","309","0.2%","1,979","0.2%","0","0.0%","325","0.2%","151","0.1%","46","0.3%","2,024","0.2%","236","0.2%","80","0.1%","85","0.3%","38,493","0.4%","320","0.2%","1,983","0.8%","106","0.6%","510","0.6%","360","0.1%","4","0.0%","107","0.7%","764","0.2%","606","0.4%","121","0.1%","8,160","0.3%","731","0.2%","136","0.7%","6,265","0.3%","5,443","0.4%","70","0.1%","4,942","0.2%","7,871","0.2%","4,778","0.5%","2,043","0.3%","546","0.2%","4,058","0.5%","1,041","0.2%","5,631","0.3%","847","0.3%","248","0.1%","0","0.0%","32","0.1%","2,687","0.6%","2,487","0.5%","1,164","0.2%","167","0.2%","16","0.0%","210","1.7%","1,472","0.3%","102","0.2%","1,704","0.2%","615","0.3%","134","0.2%"
"            Two or more races","76,404","4.6%","32","2.8%","1,768","4.5%","10,160","4.5%","1,691","3.7%","512","2.4%","59,875","5.2%","1,380","5.0%","6,579","3.5%","23,353","2.4%","505","1.8%","8,549","6.3%","1,322","0.7%","760","4.2%","21,158","2.4%","4,535","3.0%","1,591","2.5%","633","2.1%","259,209","2.6%","3,031","1.9%","11,496","4.4%","619","3.6%","3,246","3.7%","5,203","1.9%","91","1.0%","218","1.5%","11,969","2.8%","5,008","3.6%","3,580","3.6%","103,917","3.3%","15,650","4.0%","754","4.0%","66,458","2.7%","83,950","5.5%","1,611","2.6%","63,013","2.9%","131,221","3.9%","43,792","5.0%","32,117","4.3%","8,841","3.1%","32,504","4.2%","11,674","2.6%","72,358","3.8%","8,884","3.3%","7,431","4.1%","16","0.6%","2,197","5.0%","25,494","5.7%","17,875","3.6%","13,519","2.5%","3,634","3.8%","2,287","3.6%","290","2.3%","6,913","1.5%","1,476","2.7%","24,692","2.9%","10,490","4.8%","4,664","6.0%"
"                Two races including Some other race","6,085","0.4%","1","0.1%","163","0.4%","563","0.3%","154","0.3%","0","0.0%","4,656","0.4%","125","0.5%","365","0.2%","1,564","0.2%","27","0.1%","647","0.5%","14","0.0%","41","0.2%","2,337","0.3%","208","0.1%","241","0.4%","36","0.1%","21,508","0.2%","348","0.2%","903","0.3%","29","0.2%","192","0.2%","366","0.1%","14","0.2%","0","0.0%","672","0.2%","509","0.4%","189","0.2%","8,923","0.3%","1,164","0.3%","57","0.3%","5,075","0.2%","4,321","0.3%","110","0.2%","4,935","0.2%","6,702","0.2%","3,187","0.4%","2,918","0.4%","1,342","0.5%","3,192","0.4%","692","0.2%","5,249","0.3%","574","0.2%","725","0.4%","0","0.0%","44","0.1%","800","0.2%","1,711","0.3%","1,279","0.2%","144","0.1%","125","0.2%","0","0.0%","455","0.1%","20","0.0%","1,360","0.2%","709","0.3%","236","0.3%"
"                Two races excluding Some other race, and Three or more races","70,319","4.2%","31","2.7%","1,605","4.1%","9,597","4.3%","1,537","3.4%","512","2.4%","55,219","4.8%","1,255","4.5%","6,214","3.3%","21,789","2.2%","478","1.7%","7,902","5.8%","1,308","0.7%","719","4.0%","18,821","2.1%","4,327","2.9%","1,350","2.1%","597","2.0%","237,701","2.4%","2,683","1.7%","10,593","4.1%","590","3.4%","3,054","3.5%","4,837","1.8%","77","0.9%","218","1.5%","11,297","2.6%","4,499","3.2%","3,391","3.4%","94,994","3.0%","14,486","3.7%","697","3.7%","61,383","2.5%","79,629","5.2%","1,501","2.4%","58,078","2.7%","124,519","3.7%","40,605","4.6%","29,199","3.9%","7,499","2.7%","29,312","3.8%","10,982","2.5%","67,109","3.5%","8,310","3.0%","6,706","3.7%","16","0.6%","2,153","4.9%","24,694","5.6%","16,164","3.3%","12,240","2.2%","3,490","3.6%","2,162","3.4%","290","2.3%","6,458","1.4%","1,456","2.7%","23,332","2.8%","9,781","4.5%","4,428","5.7%"
"Total housing units","605,767","(X)","1,794","(X)","18,246","(X)","93,968","(X)","28,096","(X)","8,153","(X)","415,067","(X)","11,349","(X)","91,569","(X)","333,357","(X)","11,210","(X)","63,003","(X)","57,855","(X)","9,514","(X)","299,179","(X)","46,267","(X)","34,477","(X)","12,766","(X)","3,559,790","(X)","50,480","(X)","112,319","(X)","10,525","(X)","40,874","(X)","86,691","(X)","5,259","(X)","14,092","(X)","141,910","(X)","55,339","(X)","53,905","(X)","1,101,244","(X)","166,083","(X)","15,873","(X)","845,066","(X)","572,916","(X)","19,215","(X)","721,376","(X)","1,215,528","(X)","398,613","(X)","245,192","(X)","122,256","(X)","278,756","(X)","159,317","(X)","668,896","(X)","105,819","(X)","78,488","(X)","2,337","(X)","24,177","(X)","159,055","(X)","206,498","(X)","182,239","(X)","34,394","(X)","27,618","(X)","8,895","(X)","150,079","(X)","31,572","(X)","289,425","(X)","78,565","(X)","28,632","(X)"
"CITIZEN, VOTING AGE POPULATION","","","","","","","","","","","","","","","","","","","","","","","","","","","","","","","","","","","","","","","","","","","","","","","","","","","","","","","","","","","","","","","","","","","","","","","","","","","","","","","","","","","","","","","","","","","","","","","","","","","","","","","","","","","","","","","","","","","",""
"    Citizen, 18 and over population","1,090,922","1,090,922","887","887","32,155","32,155","170,879","170,879","37,373","37,373","12,658","12,658","773,974","773,974","20,511","20,511","145,562","145,562","603,614","603,614","17,463","17,463","106,928","106,928","103,406","103,406","13,581","13,581","529,778","529,778","93,221","93,221","48,082","48,082","24,476","24,476","6,367,652","6,367,652","93,350","93,350","185,437","185,437","14,065","14,065","62,393","62,393","152,160","152,160","6,801","6,801","10,185","10,185","236,778","236,778","96,214","96,214","79,684","79,684","2,094,494","2,094,494","290,875","290,875","15,451","15,451","1,590,051","1,590,051","1,055,095","1,055,095","39,680","39,680","1,384,076","1,384,076","2,296,505","2,296,505","652,668","652,668","467,710","467,710","220,306","220,306","505,583","505,583","283,927","283,927","1,172,801","1,172,801","194,296","194,296","136,021","136,021","2,434","2,434","33,876","33,876","313,111","313,111","357,036","357,036","343,780","343,780","62,113","62,113","46,451","46,451","10,260","10,260","261,092","261,092","44,405","44,405","569,916","569,916","148,328","148,328","52,381","52,381"
"        Male","528,167","48.4%","456","51.4%","17,439","54.2%","83,626","48.9%","18,575","49.7%","6,312","49.9%","372,399","48.1%","10,914","53.2%","72,411","49.7%","293,711","48.7%","8,798","50.4%","52,798","49.4%","54,392","52.6%","6,716","49.5%","271,014","51.2%","52,653","56.5%","23,504","48.9%","16,609","67.9%","3,085,161","48.5%","42,877","45.9%","88,986","48.0%","7,196","51.2%","30,379","48.7%","75,278","49.5%","3,509","51.6%","5,572","54.7%","118,909","50.2%","46,847","48.7%","39,106","49.1%","1,018,906","48.6%","140,709","48.4%","7,713","49.9%","787,401","49.5%","506,673","48.0%","19,859","50.0%","681,783","49.3%","1,158,840","50.5%","330,229","50.6%","229,019","49.0%","111,209","50.5%","245,332","48.5%","140,278","49.4%","585,165","49.9%","94,948","48.9%","66,424","48.8%","1,201","49.3%","16,652","49.2%","154,890","49.5%","170,548","47.8%","166,808","48.5%","30,389","48.9%","22,748","49.0%","5,188","50.6%","126,027","48.3%","23,139","52.1%","277,005","48.6%","70,674","47.6%","26,387","50.4%"
"        Female","562,755","51.6%","431","48.6%","14,716","45.8%","87,253","51.1%","18,798","50.3%","6,346","50.1%","401,575","51.9%","9,597","46.8%","73,151","50.3%","309,903","51.3%","8,665","49.6%","54,130","50.6%","49,014","47.4%","6,865","50.5%","258,764","48.8%","40,568","43.5%","24,578","51.1%","7,867","32.1%","3,282,491","51.5%","50,473","54.1%","96,451","52.0%","6,869","48.8%","32,014","51.3%","76,882","50.5%","3,292","48.4%","4,613","45.3%","117,869","49.8%","49,367","51.3%","40,578","50.9%","1,075,588","51.4%","150,166","51.6%","7,738","50.1%","802,650","50.5%","548,422","52.0%","19,821","50.0%","702,293","50.7%","1,137,665","49.5%","322,439","49.4%","238,691","51.0%","109,097","49.5%","260,251","51.5%","143,649","50.6%","587,636","50.1%","99,348","51.1%","69,597","51.2%","1,233","50.7%","17,224","50.8%","158,221","50.5%","186,488","52.2%","176,972","51.5%","31,724","51.1%","23,703","51.0%","5,072","49.4%","135,065","51.7%","21,266","47.9%","292,911","51.4%","77,654","52.4%","25,994","49.6%"